anatomical_structure	sost	sept7b	scube3	cryaa	urp2	nr0b1	rpz	ifitm1	stmn2b	zeb2a	arhgap18	zeb1a	cdx1b	ifitm5	scn1bb	zfyve9a	a2ml	celsr3	mir9-7	mir27b	mir133b	mir137-1	mir137-2	mir143-1	mir183	atp5if1a	hps5	lurap1	fdx1	il7r	nectin1a	serpine1	kremen1	foxc1a	pdzrn3a	col12a1a	ptk7b	pax3b	lepa	rnf111	cdkn1a	thpo	frem1a	csf3a	prp	urp1	lgr6	LOC100331704	npr2	mmp15b	myt1lb	wdr81	sema4d	zmiz2	mmp25b	plxnb2b	bbs9	tlr8	nppb	rxfp1	ptpn9a	tlr7	apela	dio3a	ENTREZID:100885853	e2f1	LOC101885606	vgll4a	akt1	lpar3	tet3	npas4l	LOC110438496	ENTREZID:114379	bcl2l1	neurog3	zeb1b	cxcr4b	sox32	mab21l2	prkci	klf2b	sfrp5	jag1a	gnat2	vim	her9	per2	cyp1a	cebpa	ptprfa	dmbx1a	pknox1.2	appb	crabp2a	tbx6	sec61a1	scarb2a	kif11	appa	id3	wnt8b	fzd8a	fzd7b	cyp11a1	ascl1a	fzd2	fzd9b	sema3aa	prox1a	nr5a1a	hhex	nkx2.4b	foxi2	foxi3a	foxi3b	atp1b3a	ndnl2	cdh11	smtnl	chm	vcanb	znf503	ebf2	nlk1	nkx1.2la	nkx1.2lb	ncln	myo6b	shbg	grid2	fabp2	trpm7	gsx1	her11	gli2b	ext1a	ext1b	ext1c	wnt1	mycn	crabp2b	tcf7	boc	rbmx	sox9a	amh	angptl2b	angptl1a	angptl6	ntn4	ntn2	cyp26c1	trappc11	nf2b	ptena	wnt8-2	id2a	tas1r1	smtlb	calb2b	irx1a	pard3ab	numb	tlc	otx1	crim1	fyna	dmbx1b	cdh7a	bnip3lb	gnrh2	foxc1b	fgf19	fgfrl1a	fgfrl1b	pax5	spra	tshz1	aplnra	elnb	selenon	nr2e1	nr2e3	hsf1	fez1	mlh1	sema3d	tfap2c	her15.2	shox2	cntn1a	crhb	uts1	cdx1a	bhlha15	mtrex	gfpt1	ghsra	ghrl	tjp3	tjp1a	tjp2b	pbx4	pbx2	robo2	slit1a	otx2a	otx2b	twist3	rx3	six3b	lmo4b	ENTREZID:799086	myrip	lama5	rbp4	snai1a	kera	oc90	dmd	dtnba	lmx1bb	mycbp2	vps39	zic4	ccnd1	mych	aldh8a1	calcr	foxe3	avp	tmie	zeb2b	sox18	arl6	ndrg4	vdra	pcdh1g18	itga2b	pcdh18b	nos2b	pomca	sox6	desi2	pikfyve	noto	cpa5	spry1	opn1sw2	frem2a	frem1b	frem3	frem2b	edar	eda	diaph2	stc1l	arl6ip1	nectin1b	irx4a	efnb2a	epha4a	egr2b	nrarpa	nrarpb	gpia	gpib	prdm5	hapln1a	arnt2	foxg1a	tbx22	robo3	unc119a	ift88	ift57	ift172	myh7	prrx1b	st3gal7	aurkb	epcam	slc12a2	itgb1a	slc26a6l	slc26a4	slc26a3.1	scinlb	gdnfa	slc2a2	cnga2a	htt	ptch1	chsy1	obscna	alcamb	cldne	dyrk1b	cx43	cdh5	hey2	lum	and2	and1	elovl4b	elovl4a	gap43	foxo3a	chuk	plxnb2a	satb2	sox17	pdlim7	p4ha2	alcama	l1camb	uhrf1	foxa2	scrib	esr2a	cfl1l	haus3	znf574	loxl3b	parp3	kiss1ra	paf1	snw1	mab21l1	prom1b	nav3	hmx4	slc2a10	lgr4	her3	her8a	nphp4	ltbp3	crmp1	trpv4	olig4	col2a1a	vgll2a	cdkl1	irx3b	wnt2	wnt2bb	hoxb1a	ppp1r14aa	myh9a	cemip2	tp63	slc6a3	metap2b	bhmt	cart1	f3b	kirrel3l	cetn4	lhx9	lhx2b	mif	guca1c	snapc4	ponzr1	csrp1a	popdc2	sec31a	sec13	slc3a2a	nlk2	ccdc80	lye	mxtx2	chodl	ntn1b	ntn1a	anos1b	phox2bb	apoa1a	p2rx4a	gata2a	sox4b	slit2	fzd3a	fxyd1	mmp15a	elocb	cart4	slc6a5	mef2cb	zgc:86709	fbln1	hmcn2	mst1	cldnb	sec63	dpysl3	dpysl2b	zic3	ttpa	mvp	sae1	fgf5	sparc	rap1b	enc3	plcg1	pax4	etv5b	cntn2	col14a1a	csrnp1a	ptpro	tmem67	sall4	gh1	tac1	cdk4	hoxd4a	smarca4a	bhlhe22	pth1ra	mcoln1a	mcoln1b	ap1b1	cdo1	zic2b	myh10	bcl6aa	cyp11a2	tcf7l1b	gjd2b	unc119.2	lamb1a	ascl1b	hspb12	hspb7	canx	nxph1	ogg1	ddc	myo1ea	rnf2	clrn1	kcnn1b	tcf7l2	crb2b	crb2a	bmper	med12	ripply1	mecom	runx1	ctcf	tlr20.2	oca2	kif7	casr	stc1	foxo3b	dio3b	map9	pmaip1	prdm12b	pvalb7	s100b	tmsb4x	cga	rtn4a	rtn4b	myod1	mkxa	crip2	dlx5a	dlx6a	edn1	grhl3	ptges	thbs4b	mpx	nom1	cluap1	ildr1b	epas1b	leg1.1	cdon	nr1h3	valopa	smoc2	adrb2a	grk5	grk3	tmc1	tmc2a	gpr151	wnt11r	vsx1	anxa4	pax9	dbx1b	kcnh6a	rnf207b	smad3b	exoc5	fgf10b	efemp2a	rpl36	prkcz	dmrta2	akap12b	sox4a	asic4b	asic4a	asic2	nup62l	pcdh17	anln	igf1ra	ehd1b	ehd3	pax6b	clint1a	pllp	fli1b	ephb4a	pak2a	ntrk2a	gata2b	plxnd1	selp	egfl6	kank2	vsx2	bptf	tgfb2	lhx5	ak2	iqgap2	hmmr	poc1b	mafba	dchs1b	irx3a	aqp1a.1	gpx4a	gpx4b	amotl2a	slc26a2	tmem234	pdx1	lnx2a	lnx2b	hdac3	gas7a	stm	col4a5	col4a6	dzank1	ninl	wrb	rock2a	cdkn1bb	fabp7a	nol9	fdx1b	med24	scube1	nrp2b	map1b	etv4	etv5a	pou3f2b	tph2	id4	lepb	lepr	cdc42	fat1a	jupa	slc9a3r1a	osbpl2b	osbpl2a	park7	prkn	mul1a	rnf213a	isl2a	apol1	mmp11a	mmp11b	pax7a	pax7b	inaa	ntrk1	ntf3	ntrk3a	aqp8a.1	acvrl1	galr2b	med10	klf7a	wt1b	chd7	spred2b	cd2ap	tnksa	tnksb	nr5a2	myo5b	tgfb1a	tgfb1b	epb41l5	gnb5b	vdrb	hcrt	mustn1a	vox	kcnb1	kcng4b	flt4	bmp5	stmn4	fam49a	ndrg1b	tbx2a	elmo1	scfd1	dcaf7	net1	soat2	irf8	six6b	pdgfra	usp40	mymk	svep1	ptgs2a	dkk1b	emx2	prune2	fgf23	twist2	kdm6ba	kdm6bb	tnfa	traf2a	hnf4a	tpcn2	mmp2	mmp9	dzip1l	brd2a	brca2	greb1	znfl1	pnrc2	myo1b	myo1cb	hmgcs1	clocka	stac3	spaw	dnd1	cldn5a	calr	en1a	rho	kif3a	gsdf	eaf2	rag1	tlr2	tlr3	tlr1	b3glcta	atg5	vrtn	cyp21a2	cd36	usp30	atp6v1h	klf9	hsf4	kcnk10a	otol1a	cfdp1	bmp3	ruvbl1	dvl2	gdf3	nr2f1a	npy	mapk1	mapk3	rb1	srgap2	rnf152	cc2d2a	rab8a	ltk	sox3	nkx2.7	krit1	heg1	noctb	nocta	sp7	dusp6	vgll4b	vgll4l	urb2	myd88	fbl	ddx27	rfng	sgca	rac3b	ddx39ab	mid1ip1l	nppa	ism1	wnt4a	bsx	zbtb16a	gpr132b
portion_of_organism_substance	dio3a	jag2b	jag1b	slc9a3r1a	atp2b1a	stm	slc12a2	otol1a	add3a	slc26a2	fgf4	cdk5
anatomical_space	vps18	cyp1a	sec31a	isl1	pitx2	ntn1b	ntn1a	mt	ahr2	emx3	myh7	nkx2.7	nkx2.5	trappc11	prrx1b	smtnl	sp7	nf2b	chn1	cluap1	cd36	sec63	nr1h3	cftr	mustn1a	apol1	ltbp3	mustn1b	fgf4	kank2	pax6b	nphs1	tpcn2	hnf1ba	sec13	kcnk10a
anatomical_line	mir9-7	lgr6	plxnb2b	ENTREZID:114379	irx1b	sfrp5	irx7	adcyap1a	wnt8a	smo	foxg1a	ihhb	lmo2	fzd7b	pax2a	brd2a	otx2a	otx2b	sox21a	pax6a	sox11a	gsk3b	ebf2	lef1	notch1a	pbx4	cyp26b1	adcyap1b	sox4a	gli1	gnrh2	gnrh3	tshz1	bcl6aa	irx1a	fez1	ptpro	nr2e1	her11	nr2e3	pomk	foxo3a	rnf152	gli2b	foxp2	lgr4	fgf20a	yap1	plxnb2a	anln	fzd3a	gdf6a	wwtr1	scgn	zic2a	pbx2	ihha	spry1	slit2	gbx1	neurog1	sfrp1a	wnt3	gbx2	her5	shha
anatomical_surface	her1	emx3	dlx4b	dlx3b	rap1b	cxcl12a	her15.2	itga5	her12	unc5b	itgb1a	aplnra	lbx2	her7
acellular_anatomical_structure	fn1a	mir126a	gpc4	ptk2ab	hdac1	scarb2a	flt4	shha	gfap	col4a5	sulf1	pikfyve	cxcl12a	p4ha2	itga5	clrn1	chodl	col4a6	npnt	svep1	lama1	lbx2
compound_organ	sost	cryaa	urp2	stmn2b	zeb2a	arhgap18	vps18	celsr3	mir133b	mir137-1	mir137-2	mir143-1	hps5	fdx1	nectin1a	serpine1	foxc1a	pdzrn3a	col12a1a	met	frem1a	urp1	lgr6	npr2	myt1lb	sema4d	bbs9	tlr8	nppb	rxfp1	tlr7	ENTREZID:100885853	e2f1	LOC101885606	tet2	tet3	npas4l	cdh1	irx1b	igf1	klf2a	gnat2	tfap2a	irx7	ptprfa	ptk2ab	s1pr2	crabp2a	sec61a1	scarb2a	vangl2	gpia	gpib	ptgs2a	mycn	p2rx4a	sim1a	tp63	sec31a	acvrl1	klf6a	cdon	tbx5a	rbp4	zic1	frzb	wnt2	dld	isl1	gli2a	ptch2	ntn1b	ntn1a	cx43	neurog1	sema3d	noto	tbx16	foxg1a	mdka	foxo3b	ihhb	her4.2	tdgf1	hoxb1a	cyp26a1	cyp19a1a	pou3f2b	tbxta	jupa	dbx1b	nr2f1a	dnmt1	opn1sw2	brd2a	etv5b	otx2a	lhx5	ascl1a	vipr2	emx3	cyp11a1	prox1a	nr5a1a	ndnl2	smtnl	shbg	grid2	fabp2	cyp19a1b	gsx1	gcm2	her11	gli2b	crabp2b	ntn4	ntn2	trappc11	nf2b	smtlb	calb2b	irx1a	gfap	bnip3lb	gnrh2	foxc1b	fgf19	fgfrl1a	fgfrl1b	spra	tshz1	elnb	nr2e1	nr2e3	fez1	sfrp1a	mlh1	shox2	cntn1a	crhb	uts1	bhlha15	scinla	ghsra	ghrl	hnf1ba	otx2b	ENTREZID:799086	kera	pitx3	nr4a2b	lmx1bb	vps39	zic4	aldh8a1	aldh1a3	avp	zeb2b	arl6	pcdh1g18	itga2b	nos2b	pomca	pikfyve	gli1	spry1	frem2a	frem1b	fras1	frem3	frem2b	lef1	foxp2	nectin1b	nrarpa	nrarpb	arnt2	robo3	unc119a	myh7	prrx1b	slc26a6l	slc26a4	slc26a3.1	gdnfa	slc2a2	cnga2a	tgfb3	hey2	lum	elovl4b	elovl4a	foxo3a	chuk	crb1	satb2	p4ha2	uhrf1	haus3	znf574	kiss1ra	prom1b	hey1	lgr4	nphp4	ltbp3	crmp1	mib1	irx3b	wnt2bb	ppp1r14aa	cemip2	slc6a3	metap2b	ahi1	ahr2	cart1	f3b	kirrel3l	lhx9	lhx2b	guca1c	snapc4	ponzr1	csrp1a	popdc2	sec13	anos1a	anos1b	phox2bb	agr2	gata2a	sox4b	slit2	fzd3a	fxyd1	cnr1	cart4	slc6a5	pax8	zgc:86709	cldnb	sec63	itga5	mvp	sae1	fgf1a	cntn2	nphs1	atp2b1a	ptpro	tmem67	fbn2b	fgfr2	tac1	smarca4a	bhlhe22	tsc2	bcl6aa	cyp11a2	gjd2b	unc119.2	sox9b	gata4	canx	nxph1	ddc	myo1ea	notch3	clrn1	tal1	tcf7l2	med12	mecom	gata1a	eaf1	pax6a	pvalb7	s100b	tmsb4x	crip2	cluap1	epas1b	leg1.1	nr1h3	valopa	grk5	grk3	tmc1	tmc2a	gpr151	meox1	kcnh6a	rnf207b	smad3a	smad3b	fgf16	dmrta2	klf8	sox4a	asic4b	asic4a	asic2	cftr	cdh6	pcdh17	anln	ehd1b	ehd3	pax6b	clint1a	pllp	ptf1a	kank2	iqgap2	hmmr	poc1b	vhl	yap1	dchs1b	irx3a	slc26a2	tmem234	lnx2a	lnx2b	stm	col4a5	col4a6	rock2a	fdx1b	med24	nrp2b	six3a	etv4	etv5a	tph2	id4	rac1a	cdc42	fat1a	park7	prkn	mul1a	gna13b	inaa	ntrk1	ntf3	ntrk3a	ntrk2b	galr2b	klf7a	bmp2b	wt1b	spred2b	cd2ap	tnksa	tnksb	nr5a2	vegfc	myo5b	gnb5b	hcrt	hand2	ptenb	fam49a	ndrg1b	elmo1	irf8	cav1	usp40	mymk	emx2	prune2	kdm6ba	kdm6bb	tnfa	traf2a	hnf4a	tpcn2	mmp2	mmp9	dzip1l	brca2	greb1	stac3	kif5ba	calr	gsdf	mustn1b	rag1	tlr2	tlr3	tlr1	b3glcta	atg5	cyp21a2	klf9	hsf4	kcnk10a	otol1a	rb1	srgap2	rnf152	cc2d2a	rab8a	nkx2.7	krit1	heg1	noctb	nocta	sp7	dusp6	urb2	myd88	fbl	egfl7	fgf4	rfng	sgca	rac3b	ddx39ab	nppa	bsx
whole_organism	sost	sept7b	scube3	cryaa	urp2	nr0b1	rpz	ifitm1	stmn2b	zeb2a	arhgap18	zeb1a	cdx1b	ifitm5	scn1bb	zfyve9a	vps18	a2ml	celsr3	mir27b	mir133b	mir137-1	mir137-2	mir143-1	mir183	atp5if1a	hps5	lurap1	fdx1	il7r	nectin1a	serpine1	kremen1	foxc1a	pdzrn3a	col12a1a	pax3b	lepa	thpo	frem1a	csf3a	prp	urp1	lgr6	LOC100331704	npr2	enpp2	mmp15b	myt1lb	wdr81	sema4d	zmiz2	bbs9	tlr8	nppb	rxfp1	ptpn9a	tlr7	apela	dio3a	ENTREZID:100885853	e2f1	LOC101885606	vgll4a	akt1	tet3	npas4l	LOC110438496	ENTREZID:114379	bcl2l1	neurog3	zeb1b	znf703	irx1b	cxcr4b	aldh1a2	sox32	prkci	klf2b	jag1a	gnat2	vim	cyp1a	irx7	cxcr4a	cebpa	ptprfa	pknox1.2	crabp2a	tbx6	sec61a1	scarb2a	kif11	igf1ra	vangl2	cpa5	id3	gpia	gpib	wnt8b	fzd8a	fzd7b	cyp11a1	ascl1a	fzd2	fzd9b	prox1a	nr5a1a	hhex	nkx2.4b	foxi2	foxi3a	foxi3b	atp1b3a	ndnl2	cdh11	smtnl	chm	znf503	nlk1	nkx1.2la	nkx1.2lb	eve1	ncln	myo6b	shbg	grid2	fabp2	trpm7	cyp19a1b	gsx1	her11	gli2b	ext1a	ext1b	ext1c	wnt1	mycn	crabp2b	dld	tcf7	boc	rbmx	sox9a	amh	angptl2b	angptl1a	angptl6	ntn4	ntn2	cyp26c1	trappc11	nf2b	wnt8-2	tas1r1	smtlb	calb2b	irx1a	otx1	crim1	fyna	bnip3lb	gnrh2	foxc1b	fgf19	fgfrl1a	fgfrl1b	pax5	spra	tshz1	aplnra	elnb	selenon	nr2e1	nr2e3	fez1	sfrp1a	mlh1	sema3d	tfap2c	her15.2	shox2	cntn1a	crhb	uts1	bhlha15	mtrex	gfpt1	ghsra	ghrl	robo2	slit1a	otx2a	otx2b	rx3	six3b	lmo4b	ENTREZID:799086	myrip	lama5	rbp4	snai1a	kera	oc90	dmd	dtnba	pitx3	nr4a2b	lmx1bb	gli2a	mycbp2	vps39	zic4	aldh8a1	calcr	foxe3	sim1a	avp	tmie	zeb2b	sox18	arl6	ndrg4	vdra	pcdh1g18	itga2b	pcdh18b	nos2b	pomca	sox6	pikfyve	noto	spry1	opn1sw2	frem2a	frem1b	frem3	frem2b	edar	eda	nectin1b	nrarpa	nrarpb	hapln1a	arnt2	foxg1a	tbx22	robo3	unc119a	myh7	prrx1b	st3gal7	aurkb	epcam	slc12a2	itgb1a	slc26a6l	slc26a4	slc26a3.1	scinlb	gdnfa	slc2a2	cnga2a	ptch1	chsy1	cldne	dyrk1b	cx43	cdh5	hey2	lum	and2	and1	elovl4b	elovl4a	foxo3a	chuk	crb1	satb2	sox17	pdlim7	p4ha2	olig2	dla	alcama	l1camb	uhrf1	foxa2	esr2a	cfl1l	haus3	znf574	loxl3b	parp3	kiss1ra	paf1	nr3c1	prom1b	hey1	nav3	slc2a10	lgr4	nphp4	ltbp3	crmp1	trpv4	mib1	col2a1a	vgll2a	cdkl1	irx3b	wnt2	wnt2bb	hoxb1a	ppp1r14aa	myh9a	cemip2	tp63	slc6a3	metap2b	bhmt	ahi1	cart1	f3b	kirrel3l	cetn4	lhx9	lhx2b	mif	guca1c	snapc4	ponzr1	csrp1a	popdc2	sec31a	sec13	slc3a2a	nlk2	ccdc80	lye	mxtx2	chodl	ntn1b	ntn1a	anos1b	phox2bb	apoa1a	p2rx4a	gata2a	sox4b	slit2	fzd3a	fxyd1	mmp15a	elocb	cart4	slc6a5	mef2cb	zgc:86709	pthlha	fbln1	hmcn2	cldnb	sec63	ttpa	mvp	sae1	fgf5	msgn1	sparc	rap1b	plcg1	arxa	pax4	etv5b	fgf1a	cntn2	col14a1a	csrnp1a	ptpro	tmem67	sall4	gh1	tac1	cdk4	hoxd4a	smarca4a	bhlhe22	mcoln1a	mcoln1b	ap1b1	cdo1	myh10	bcl6aa	cyp11a2	gjd2b	unc119.2	lamb1a	neurod1	ascl1b	hspb12	hspb7	canx	nxph1	ddc	myo1ea	notch3	rnf2	clrn1	kcnn1b	tcf7l2	med12	ripply1	mecom	runx1	ctcf	tlr20.2	oca2	foxo3b	eaf1	dio3b	map9	pmaip1	stat3	pvalb7	s100b	tmsb4x	cga	myod1	mkxa	crip2	dlx5a	dlx6a	edn1	grhl3	ptges	thbs4b	nom1	cluap1	ildr1b	epas1b	leg1.1	cdon	nr1h3	valopa	smoc2	adrb2a	grk5	grk3	tmc1	tmc2a	gpr151	wnt11r	anxa4	pax9	dbx1b	kcnh6a	rnf207b	smad3b	exoc5	fgf10b	rpl36	prkcz	dmrta2	akap12b	sox4a	asic4b	asic4a	asic2	nup62l	cdh6	pcdh17	anln	ehd1b	ehd3	pax6b	clint1a	pllp	fli1b	etv2	ephb4a	pak2a	ntrk2a	gata2b	plxnd1	selp	egfl6	kank2	lhx5	ak2	iqgap2	hmmr	poc1b	draxin	mafba	dchs1b	irx3a	aqp1a.1	gpx4a	gpx4b	amotl2a	slc26a2	tmem234	pdx1	lnx2a	lnx2b	hdac3	gas7a	stm	col4a5	col4a6	rock2a	cdkn1bb	her4.2	nol9	fdx1b	med24	scube1	nrp2b	six3a	etv4	etv5a	pou3f2b	fhl1b	tph2	id4	lepb	lepr	cdc42	fat1a	jupa	slc9a3r1a	osbpl2b	osbpl2a	park7	prkn	mul1a	rnf213a	isl2a	apol1	mmp11a	mmp11b	pax7a	pax7b	inaa	ntrk1	ntf3	ntrk3a	aqp8a.1	acvrl1	galr2b	med10	klf7a	wt1b	chd7	spred2b	cd2ap	tnksa	tnksb	nr5a2	myo5b	tgfb1a	tgfb1b	gnb5b	vdrb	hcrt	mustn1a	vox	kcnb1	kcng4b	flt4	bmp5	ptenb	fam49a	ndrg1b	elmo1	scfd1	net1	soat2	irf8	pdgfra	usp40	mymk	svep1	ptgs2a	dkk1b	emx2	prune2	twist2	kdm6ba	kdm6bb	tnfa	traf2a	hnf4a	tpcn2	mmp2	mmp9	dzip1l	brd2a	brca2	greb1	pnrc2	lrp5	myo1b	myo1cb	hmgcs1	clocka	dyrk2	stac3	spaw	cdk5	dnd1	cldn5a	calr	en1a	fli1a	gsdf	rag1	tlr2	tlr3	tlr1	b3glcta	atg5	vrtn	cyp21a2	cd36	usp30	smad2	atp6v1h	klf9	hsf4	kcnk10a	otol1a	cfdp1	bmp3	ruvbl1	dvl2	gdf3	nr2f1a	npy	mapk1	mapk3	rb1	srgap2	rnf152	cc2d2a	rab8a	ltk	sox3	isl1	nkx2.7	krit1	heg1	noctb	nocta	sp7	dusp6	vgll4b	vgll4l	urb2	myd88	fbl	egfl7	ddx27	rfng	sgca	rac3b	ddx39ab	mid1ip1l	nppa	ism1	wnt4a	bsx	zbtb16a	gpr132b
embryonic_structure	sept7b	ifitm1	zeb1a	ar	ifitm5	zfyve9a	a2ml	il7r	enpp2	mmp15b	wdr81	zmiz2	neurog3	zeb1b	znf703	igf1	cxcr4b	sox32	klf2a	klf2b	vim	meis1b	tbx6	hdac1	scarb2a	id3	mycn	lamb1a	tbx5a	rbp4	zic1	wnt4a	gdf3	foxa2	dla	wnt8b	isl2a	neurod1	dkk1b	snai1a	her5	her1	ndr2	tdgf1	otpb	hoxd4a	fzd2	cyp19a1a	fzd7b	dbx1b	pax2a	rx3	ascl1b	gata4	ahr2	sox3	fgf8a	sox17	foxd3	pax9	pax6a	anos1a	six3b	arxa	prox1a	nkx2.5	fabp2	esr2a	rbmx	mid1ip1l	hspb12	cyp26b1	lmo4b	znf503	dtnba	olig2	ttpa	slc9a3r1a	osbpl2b	boc	parp3	ncln	spaw	gpx4a	gpx4b	cxcl12a	foxi1	anxa4	msgn1	ptf1a	dnd1	fyna	sox2	stm	chuk	cdo1	pdlim7	sox7	sfrp1a	fzd8a	fzd9b	nr5a1a	esrra	nomo	pax8	ext1a	ext1b	ext1c	sox9a	amh	angptl2b	angptl1a	angptl6	cyp26c1	wnt8-2	foxp2	nr2e1	nr2e3	hnf1ba	bhlha15	robo2	slit1a	snai1b	dmd	calcr	foxe3	sox18	pcdh1g18	notch1b	ppp1r12a	tbx22	aurkb	epcam	pcdh19	cldne	dyrk1b	cfl1l	nr3c1	nav3	col2a1a	slc3a2a	nlk2	mxtx2	mmp15a	pthlha	pax4	mcoln1a	mcoln1b	myh10	hspb7	runx1	ctcf	dio3b	map9	pmaip1	wls	slc26a2	lnx2a	lnx2b	osbpl2a	vegfc	mustn1a	mustn1b	vox	net1	soat2	greb1	myo1b	myo1cb	klf8	cldn5a	her12	foxj1a	vrtn	otol1a	fgf4	rfng	sgca	rac3b	gpr132b
organism_subdivision	sost	cryaa	rpz	fn1a	celsr3	hps5	itga8	foxc1a	col12a1a	met	lgr6	LOC100331704	LOC101885606	tet2	tet3	npas4l	ENTREZID:114379	cdh1	cyp1a	irx7	ENTREZID:192346	vangl2	p2rx4a	pak2a	zic1	frzb	wnt4a	isl1	gli2a	ptch2	ptch1	alcama	cx43	fbln1	ctnnb1	mdka	wnt11r	foxo3b	ihhb	her4.2	pou5f3	jupa	dnmt1	gata1a	myb	irx3a	emx3	fgf8a	dlx5a	dlx6a	sox11b	myh7	gfap	l1camb	ephb4a	nkx2.7	fgfr1a	tal1	rock2a	rap1b	lama5	col14a1a	metap2b	prdm1a	cyp26b1	rac1a	parp3	agr2	sox4a	prrx1b	mmp2	pikfyve	cxcl12a	cntn1a	smarca4a	fgf24	her15.2	tbx1	fgf19	guca1c	p4ha2	atp2b1a	prom1b	foxi2	foxi3a	foxi3b	fgfrl1a	bcl6aa	bhlhe22	her12	plxnd1	irx1a	braf	sp7	ddx39ab	uhrf1	mmp9	gh1	asic4b	tcf7	ntn4	ntn2	fgf16	foxc1b	fgfrl1b	aplnra	nr2e1	nr2e3	tfap2c	kera	zic4	pcdh1g18	edar	eda	lbx2	gdf6a	itgb1a	dyrk1b	hey2	lum	and2	and1	crb1	haus3	znf574	gcm2	lgr4	nphp4	ltbp3	vgll2a	lye	hmcn2	sae1	clrn1	kcnn1b	ripply1	eaf1	pax1b	adrb2a	klf8	ihha	asic4a	asic2	anln	ehd1b	ehd3	pax6b	egfl6	yap1	wwtr1	kif5ba	bdnf	apol1	nphs1	inaa	opn5	lama1	irf8	sox9b	dzip1l	zic2a	cftr	b3glcta	cd36	usp30	hsf4	cc2d2a	rab8a	noctb	nocta	ppp1r12a
portion_of_tissue	sost	scube3	cryaa	urp2	arhgap18	ar	vps18	celsr3	mir9-7	mir27b	mir126a	mir137-1	mir137-2	hps5	kiss1	nectin1a	serpine1	col12a1a	ptk7b	rnf111	frem1a	kiss2	urp1	lgr6	mmp15b	myt1lb	zmiz2	mmp25b	plxnb2b	bbs9	nppb	ptpn9a	apela	ENTREZID:100885853	LOC101885606	akt1	lpar3	tet3	npas4l	LOC110438496	bcl2l1	cdh1	irx1b	igf1	cxcr4b	mab21l2	klf2a	gpc4	jag1a	her9	sox10	per2	cebpa	gbx1	ptk2ab	dmbx1a	appb	tbx6	kif11	vangl2	mab21l1	gpia	gpib	mpp5a	mycn	adcyap1a	mst1	sim1a	id2a	pak2a	acvrl1	smoc2	cdon	hhex	flt4	wnt4a	foxa2	clocka	wnt8b	isl1	isl2a	chrd	pitx2	twist3	ptch1	egr2b	dkk1b	mafba	gsc	htt	efnb2a	ccnd1	cx43	wt1a	sema3aa	snai1a	foxg1a	her3	rho	appa	fzd8a	fzd7b	vipr2	cyp11a1	fzd2	fzd9b	nkx2.4b	foxi2	foxi3a	foxi3b	atp1b3a	vcanb	znf503	ebf2	esrra	nkx1.2la	nkx1.2lb	ncln	grid2	fabp2	gcm2	her11	gli2b	boc	cyp26c1	trappc11	nf2b	ptenb	ptena	wnt8-2	klf17	pard3ab	numb	tlc	otx1	crim1	foxp2	dmbx1b	gfap	cdh7a	fgf16	bnip3lb	fgfrl1a	fgfrl1b	pax5	tshz1	otpb	aplnra	nr2e1	nr2e3	hnf1ba	sfrp1a	tfap2c	her15.2	her12	shox2	cntn1a	cdx1a	bhlha15	tjp3	tjp1a	tjp2b	pbx4	pbx2	robo2	slit1a	rx3	six3b	lmo4b	kera	oc90	dmd	dtnba	lmx1bb	vps39	aldh1a3	zic4	mych	egfl7	calcr	foxe3	sox7	sox18	arl6	nos2b	pomca	sox6	desi2	pikfyve	gsk3b	frem2a	frem1b	fras1	frem3	frem2b	edar	eda	diaph2	irf6	stc1l	spns2	arl6ip1	nectin1b	irx4a	epha4a	nrarpa	nrarpb	prdm5	hapln1a	anos1a	ift88	ift57	ift172	itgb1a	slc26a6l	slc26a4	slc26a3.1	emx3	scinla	scinlb	chsy1	alcamb	dyrk1b	cdh5	vhl	tgfb3	hey2	lum	chuk	plxnb2a	satb2	pdlim7	p4ha2	fgfr1a	erbb2	wnt9a	dnmt1	uhrf1	scrib	tbx1	haus3	znf574	kiss1ra	snw1	hmx4	lgr4	her8a	nphp4	trpv4	olig4	col2a1a	cdkl1	irx3b	hoxb1a	ppp1r14aa	myb	cemip2	npnt	metap2b	ahi1	lhx9	lhx2b	guca1c	nr3c1	draxin	popdc2	nlk2	ccdc80	lye	chodl	wnt3	mmp15a	zgc:86709	cldnb	cdk5	dpysl3	dpysl2b	zic3	sae1	fgf5	rap1b	enc3	plcg1	csrnp1a	gh1	fgfr2	tac1	smarca4a	bhlhe22	pth1ra	pthlha	cdo1	zic2b	bcl6aa	cyp11a2	tcf7l1b	gata4	ogg1	clrn1	kcnn1b	crb2b	crb2a	bmper	med12	ripply1	mecom	runx1	ctcf	kif7	casr	stc1	foxo3b	prdm12b	osr1	tmsb4x	cga	rtn4a	rtn4b	crip2	dlx5a	dlx6a	mpx	ildr1b	grk5	grk3	meox1	vsx1	pax9	pax1b	dbx1b	kcnh6a	rnf207b	smad3b	efemp2a	dmrta2	akap12b	sox4a	ihha	asic4b	asic4a	asic2	pcdh17	fli1b	ephb4a	ntrk2a	gata2b	plxnd1	selp	egfl6	kank2	smad2	bptf	tgfb2	wls	lrp5	iqgap2	hmmr	poc1b	ren	irx3a	amotl2a	hdac3	col4a5	col4a6	dzank1	ninl	wrb	rock2a	fabp7a	cyp19a1b	nol9	map1b	etv4	etv5a	cnr1	rnf213a	gna13b	inaa	opn5	ntrk1	ntf3	ntrk3a	med10	klf7a	myo5b	mib1	epb41l5	gnb5b	sox11b	mef2ca	bmp5	stmn4	tbx2a	dcaf7	irf8	pdgfra	svep1	fgf23	twist2	kdm6ba	kdm6bb	tnfa	traf2a	mmp2	mmp9	brd2a	brca2	znfl1	calr	kif3a	eaf2	hsf4	nr2f1a	nanog	cc2d2a	rab8a	sox3	nkx2.7	krit1	heg1	noctb	nocta	tdgf1	dusp6	urb2	rfng	sgca	rac3b	ddx39ab	nppa
multi-tissue_structure	sost	urp2	nr0b1	rpz	stmn2b	zeb2a	arhgap18	cdx1b	ar	vps18	celsr3	mir133b	mir137-1	mir137-2	mir143-1	fdx1	nectin1a	itga8	foxc1a	pdzrn3a	col12a1a	pax3b	met	cdkn1a	urp1	lgr6	LOC100331704	npr2	enpp2	myt1lb	sema4d	nppb	rxfp1	ENTREZID:100885853	LOC101885606	vgll4a	tet2	tet3	npas4l	znf703	irx1b	igf1	klf2a	sfrp5	gnat2	tfap2a	cyp1a	irx7	ptprfa	ptk2ab	s1pr2	crabp2a	sec61a1	hdac1	scarb2a	kif11	vangl2	gpia	gpib	ptgs2a	mycn	p2rx4a	sim1a	tp63	pak2a	klf6a	cdon	tbx5a	rbp4	zic1	frzb	flt4	wnt8a	wnt4a	foxa2	wnt2	wnt1	dld	gli2a	neurod1	ptch1	ntn1b	alcama	mafba	ntn1a	cx43	fbln1	sema3d	noto	foxg1a	wnt11r	her1	foxo3b	her4.2	eve1	hoxb1a	pou3f2b	jupa	dbx1b	vipr2	emx3	cyp11a1	ascl1a	prox1a	nr5a1a	atp1b3a	ndnl2	nkx1.2la	nkx1.2lb	shbg	grid2	fabp2	cyp19a1b	gsx1	crabp2b	braf	tcf7	irf6	ntn4	ntn2	smtlb	calb2b	otx1	bnip3lb	foxc1b	fgf19	fgfrl1a	fgfrl1b	spra	elnb	nr2e1	nr2e3	hsf1	fez1	mlh1	shox2	cntn1a	crhb	uts1	bhlha15	scinla	ghsra	ghrl	hand2	otx2a	otx2b	ENTREZID:799086	lama5	kera	dmd	dtnba	nr4a2b	lmx1bb	mycbp2	zic4	cdx4	aldh8a1	aldh1a3	foxe3	avp	tmie	zeb2b	ndrg4	pcdh1g18	nos2b	pomca	pikfyve	spry1	opn1sw2	edar	eda	lef1	foxp2	foxj1a	spns2	nectin1b	nrarpa	nrarpb	adcyap1b	arnt2	robo3	unc119a	st3gal7	gdnfa	slc2a2	prdm1a	cnga2a	chsy1	obscna	dyrk1b	cdh5	add3a	hey2	lum	and2	and1	elovl4b	elovl4a	gap43	chuk	crb1	satb2	tsc2	erbb2	l1camb	foxa3	haus3	znf574	parp3	kiss1ra	paf1	gcm2	prom1b	sox21a	lgr4	nphp4	crmp1	trpv4	mib1	vgll2a	cdkl1	wnt2bb	ppp1r14aa	myb	slc6a3	metap2b	cart1	f3b	kirrel3l	lhx9	lhx2b	mif	guca1c	ponzr1	csrp1a	anos1a	anos1b	phox2bb	gata2a	sox4b	slit2	fzd3a	fxyd1	elocb	cnr1	cart4	slc6a5	mef2ca	mef2cb	hmcn2	fbn2b	mvp	sae1	etv5b	cntn2	gna13b	col14a1a	fgf24	fgf20a	atp2b1a	tmem67	sall4	tac1	smarca4a	bhlhe22	bcl6aa	cyp11a2	gjd2b	unc119.2	gata4	canx	nxph1	ddc	myo1ea	clrn1	kcnn1b	tcf7l2	med12	ripply1	mecom	gata1a	eaf1	pax1b	sulf1	osr1	pvalb7	s100b	crip2	dlx5a	dlx6a	edn1	grhl3	ptges	epas1b	leg1.1	valopa	adrb2a	tmc1	tmc2a	gpr151	meox1	kcnh6a	rnf207b	smad3a	smad3b	fgf10b	fgf16	dmrta2	tp53	klf8	sox4a	asic4b	asic4a	asic2	cftr	nup62l	cdh6	pcdh17	ehd1b	ehd3	pax6b	fli1b	etv2	ephb4a	gata2b	ptf1a	sox7	vsx2	lhx5	iqgap2	draxin	vhl	ren	wwtr1	dchs1b	tmem234	lnx2a	lnx2b	stm	col4a5	col4a6	dzank1	ninl	wrb	rock2a	fdx1b	med24	nrp2b	six3a	tph2	id4	cdc42	fat1a	park7	prkn	mul1a	rnf213a	apol1	inaa	ntrk1	ntf3	ntrk3a	ntrk2b	aqp8a.1	galr2b	med10	klf7a	wt1b	spred2b	cd2ap	tnksa	tnksb	nr5a2	myo5b	gnrh3	hcrt	cxcl12a	elmo1	irf8	six6b	nkx2.5	ahi1	usp40	svep1	emx2	prune2	tnfa	traf2a	hnf4a	sox9b	mmp2	mmp9	dzip1l	brca2	greb1	gsdf	b3glcta	atg5	cyp21a2	cd36	kcnk10a	otol1a	nr2f1a	cyp26b1	srgap2	rnf152	cc2d2a	rab8a	krit1	heg1	noctb	nocta	sp7	vgll4b	vgll4l	myd88	fbl	egfl7	gdf6a	fgf4	rfng	sgca	rac3b	nppa	foxi1	bsx
anatomical_group	sost	sept7b	cryaa	urp2	stmn2b	zeb2a	arhgap18	cdx1b	ar	zfyve9a	vps18	a2ml	celsr3	mir133b	mir137-1	mir137-2	mir143-1	hps5	fdx1	nectin1a	serpine1	itga8	kremen1	foxc1a	pdzrn3a	col12a1a	pax3b	lepa	met	frem1a	urp1	lgr6	npr2	myt1lb	sema4d	bbs9	tlr8	nppb	rxfp1	ptpn9a	tlr7	ENTREZID:100885853	e2f1	LOC101885606	vgll4a	tet3	npas4l	LOC110438496	bcl2l1	neurog3	cdh1	irx1b	igf1	aldh1a2	sox32	klf2a	gpc4	jag1a	gnat2	sox10	tfap2a	cyp1a	irx7	cebpa	ptprfa	ptk2ab	meis1b	crabp2a	sec61a1	scarb2a	kif11	igf1ra	vangl2	gpia	gpib	ptgs2a	mycn	p2rx4a	sim1a	tp63	sec31a	pak2a	acvrl1	smoc2	cdon	lamb1a	tbx5a	rbp4	zic1	hhex	frzb	flt4	wnt4a	foxa2	wnt2	wnt1	dld	gli2a	chrd	emx3	cyp11a1	ascl1a	prox1a	nr5a1a	nkx2.4b	atp1b3a	ndnl2	smtnl	nkx1.2la	nkx1.2lb	eve1	shbg	grid2	fabp2	cyp19a1b	gsx1	neurog1	her11	gli2b	crabp2b	erbb3a	rbmx	irf6	angptl2b	angptl1a	angptl6	ntn4	ntn2	trappc11	nf2b	smtlb	calb2b	irx1a	otx1	crim1	bnip3lb	gnrh2	foxc1b	fgf19	fgfrl1a	fgfrl1b	pax5	spra	tshz1	elnb	nr2e1	nr2e3	fez1	sfrp1a	mlh1	sema3d	shox2	cntn1a	crhb	uts1	bhlha15	scinla	ghsra	ghrl	hnf1ba	otx2a	otx2b	ENTREZID:799086	kera	oc90	dmd	dtnba	pitx3	nr4a2b	lmx1bb	mycbp2	vps39	zic4	aldh8a1	avp	tmie	zeb2b	arl6	ndrg4	pcdh1g18	itga2b	ptch2	nos2b	pomca	pikfyve	noto	gli1	spry1	ppp1r12a	opn1sw2	frem2a	frem1b	frem3	frem2b	foxp2	foxj1a	nectin1b	nrarpa	nrarpb	arnt2	foxg1a	robo3	unc119a	myh7	prrx1b	st3gal7	slc12a2	slc26a6l	slc26a4	slc26a3.1	gdnfa	slc2a2	prdm1a	cnga2a	chsy1	dyrk1b	cx43	cdh5	tgfb3	add3a	hey2	lum	elovl4b	elovl4a	foxo3a	chuk	crb1	satb2	p4ha2	tsc2	alcama	l1camb	uhrf1	foxa3	haus3	znf574	kiss1ra	paf1	prom1b	hey1	nav3	lgr4	nphp4	ltbp3	crmp1	trpv4	mib1	vgll2a	cdkl1	irx3b	wnt2bb	hoxb1a	ppp1r14aa	cemip2	slc6a3	metap2b	bhmt	ahi1	cart1	f3b	kirrel3l	lhx9	lhx2b	mif	guca1c	lbx2	snapc4	ponzr1	csrp1a	popdc2	sec13	chodl	ntn1b	ntn1a	anos1a	anos1b	phox2bb	gata2a	sox4b	slit2	fzd3a	fxyd1	elocb	cnr1	cart4	slc6a5	pax8	mef2ca	mef2cb	zgc:86709	pthlha	cldnb	sec63	mvp	sae1	fgf5	plcg1	pax4	etv5b	fgf1a	cntn2	csrnp1a	fgf20a	ptpro	tmem67	sall4	tac1	cdk4	smarca4a	bhlhe22	bcl6aa	cyp11a2	gjd2b	unc119.2	sox9b	gata4	neurod1	ascl1b	tdgf1	canx	nxph1	ddc	myo1ea	notch3	clrn1	kcnn1b	tcf7l2	med12	mecom	runx1	ctcf	foxo3b	gata1a	eaf1	pax1b	pax6a	stat3	pvalb7	s100b	tmsb4x	cga	crip2	edn1	grhl3	ptges	cluap1	ildr1b	epas1b	leg1.1	nr1h3	valopa	grk5	grk3	tmc1	tmc2a	gpr151	meox1	wnt11r	anxa4	dbx1b	kcnh6a	rnf207b	smad3a	smad3b	fgf10b	fgf16	dmrta2	klf8	sox4a	asic4b	asic4a	asic2	nup62l	cdh6	pcdh17	anln	ehd1b	ehd3	pax6b	clint1a	pllp	fli1b	etv2	ephb4a	bdnf	ntrk2a	gata2b	sox7	cnr2	selp	egfl6	kank2	lhx5	iqgap2	hmmr	poc1b	draxin	ren	mafba	dchs1b	irx3a	amotl2a	slc26a2	tmem234	lnx2a	lnx2b	hdac3	stm	col4a5	col4a6	rock2a	cdkn1bb	her4.2	nol9	fdx1b	med24	nrp2b	six3a	etv4	etv5a	pou3f2b	tph2	id4	lepb	lepr	rac1a	cdc42	fat1a	jupa	osbpl2b	osbpl2a	park7	prkn	mul1a	rnf213a	apol1	inaa	ntrk1	ntf3	ntrk3a	aqp8a.1	galr2b	med10	klf7a	cyp26a1	wt1b	spred2b	cd2ap	tnksa	tnksb	nr5a2	myo5b	gnb5b	vdrb	hcrt	ptenb	fam49a	ndrg1b	elmo1	irf8	cav1	usp40	svep1	emx2	prune2	twist2	braf	kdm6ba	kdm6bb	tnfa	traf2a	hnf4a	mmp2	mmp9	dzip1l	brd2a	brca2	greb1	calr	gsdf	rag1	tlr2	tlr3	tlr1	b3glcta	atg5	cyp21a2	cd36	klf9	hsf4	kcnk10a	otol1a	nr2f1a	npy	rb1	srgap2	rnf152	cc2d2a	rab8a	nkx2.7	krit1	heg1	noctb	nocta	sp7	dusp6	vgll4b	vgll4l	urb2	myd88	fbl	egfl7	rfng	sgca	rac3b	ddx39ab	nppa	pou5f3	foxi1	bsx
anatomical_conduit	hdac1	atp1b3a	ildr1b	slc26a2	adgrg6	vdrb	fgf4	mif
cell	sost	sept7b	scube3	cryaa	nr0b1	scn1bb	mir27b	mir143-1	mir183	atp5if1a	lurap1	itga8	kremen1	lepa	met	thpo	csf3a	prp	npr2	apela	akt1	prkci	klf2a	klf2b	jag2b	jag1b	vim	cxcr4a	pknox1.2	meis1b	igf1ra	cpa5	mpp5a	thbs4b	pak2a	klf6a	trpm7	atp6v1h	tbx5a	vdra	frzb	wnt8a	wnt4a	dld	clocka	isl1	en1a	tdgf1	pou5f3	eve1	apoa1a	cyp26a1	jupa	cdh11	gata1a	myod1	sox3	emx2	mef2ca	dlx3b	pax7a	tp53	fli1a	smad2	ephb4a	nkx2.7	nkx2.5	lef1	pdx1	nr5a2	tal1	ruvbl1	scfd1	sparc	ak2	hmmr	bhmt	zbtb16a	scinla	dvl2	cav1	rnf2	myh9a	agr2	aqp1a.1	loxl3b	selenon	gpx4a	gpx4b	gli1	fgfr2	cxcl12a	tgfb1a	mapk1	cdkn1bb	ccdc80	pcdh15a	atp2b1a	prom1b	chm	nlk1	myo6b	erbb2	irf6	tas1r1	bhlha15	mtrex	gfpt1	myrip	cdx4	tmie	pcdh18b	sox6	lbx2	hapln1a	gdf6a	scinlb	lum	uhrf1	slc2a10	cetn4	mxtx2	nanog	cdk4	ap1b1	klf17	tlr20.2	oca2	yap1	wwtr1	tmsb4x	mkxa	nom1	epas1b	leg1.1	grk5	grk3	adgrg6	exoc5	rpl36	prkcz	akap12b	cftr	lnx2a	lnx2b	gas7a	scube1	fhl1b	cnr1	cnr2	lepb	lepr	esrra	mmp11a	mmp11b	pax7b	galr2b	klf7a	chd7	spred2b	vegfc	tgfb1b	vipr2	kcnb1	kcng4b	bmp5	net1	nrg1	soat2	pdgfra	ren	pnrc2	lrp5	myo1b	myo1cb	hmgcs1	smad3a	nomo	dyrk2	her12	vrtn	hsf4	cfdp1	bmp3	mapk3	ltk	sp7	ddx27	fgf4	gper1	rfng	sgca	rac3b	ddx39ab	ism1	ppp1r12a	gpr132b
myoseptum	mir126a	gpc4	hdac1	flt4	sulf1	cxcl12a	chodl	svep1	lbx2
basal_lamina	scarb2a	shha	col4a5	col4a6	npnt	lama1
lamina_densa	scarb2a	shha	col4a5	col4a6	npnt	lama1
lens_capsule	fn1a	ptk2ab	gfap	p4ha2	itga5
hypophysis	kiss1	kiss2	sim1a	otpb	gata2a	avp	pomca	fgf10a	sox4b	dmrta2	smtlb	kiss1ra	nos2b	gper1	cnga2a	greb1	cyp21a2	fgf3
pancreas	jag2b	jag1b	nr5a2	ptf1a	lnx2a	epas1b	cftr	lnx2b	bhlha15	leg1.1
gill	ctnnb1	shha	cdh2	jupa	atp2b1a	fgfrl1a	sp7	gcm2	fgfrl1b	slc26a6l	slc26a4	slc26a3.1	cldnb
spleen	tlr8	tlr7	gsk3b	rag1	tlr2	tlr3	tlr1
head_kidney	fn1a	fdx1	jag2b	jag1b	wt1a	notch1a	fdx1b	cyp11a2	brca2	cyp21a2
thymus	e2f1	ENTREZID:192346	ptenb	fam49a	ndrg1b	klf9	urb2	rb1
posterior_kidney	wnt8a	tbx16	tdgf1	cyp26a1	tbxta	myb	irx3a	fgf8a	bmp2b	etv4	clint1a	etv5a	vegfc	itga2b	pllp	hand2	cdx4	osr1
parapineal_organ	sec61a1	ENTREZID:192346	pitx2	sema3d	noto	fgf8a	nrp1a	sox2	med12	bsx	tbx2b
cavitated_compound_organ	sost	cryaa	urp2	stmn2b	zeb2a	arhgap18	vps18	celsr3	mir133b	mir137-1	mir137-2	mir143-1	hps5	fdx1	nectin1a	serpine1	foxc1a	pdzrn3a	col12a1a	met	frem1a	urp1	lgr6	npr2	myt1lb	sema4d	bbs9	nppb	rxfp1	ENTREZID:100885853	LOC101885606	tet2	tet3	npas4l	cdh1	irx1b	igf1	klf2a	jag2b	jag1b	gnat2	tfap2a	irx7	ptprfa	ptk2ab	s1pr2	crabp2a	sec61a1	scarb2a	vangl2	gpia	gpib	ptgs2a	mycn	p2rx4a	sim1a	tp63	sec31a	acvrl1	klf6a	cdon	tbx5a	rbp4	zic1	frzb	wnt2	dld	isl1	gli2a	ptch2	ntn1b	ntn1a	cx43	neurog1	sema3d	noto	tbx16	ctnnb1	foxg1a	mdka	foxo3b	ihhb	her4.2	tdgf1	hoxb1a	cyp26a1	cyp19a1a	pou3f2b	tbxta	dbx1b	nr2f1a	dnmt1	opn1sw2	brd2a	etv5b	otx2a	lhx5	ascl1a	gata2a	vipr2	emx3	cyp11a1	prox1a	nr5a1a	ndnl2	smtnl	shbg	grid2	fabp2	cyp19a1b	gsx1	her11	gli2b	cyp26b1	crabp2b	ntn4	ntn2	trappc11	nf2b	smtlb	calb2b	irx1a	gfap	bnip3lb	gnrh2	foxc1b	fgf19	spra	tshz1	elnb	nr2e1	nr2e3	fez1	sfrp1a	mlh1	shox2	cntn1a	crhb	uts1	scinla	ghsra	ghrl	hnf1ba	otx2b	ENTREZID:799086	kera	pitx3	nr4a2b	lmx1bb	vps39	zic4	aldh8a1	aldh1a3	avp	zeb2b	arl6	pcdh1g18	itga2b	nos2b	pomca	pikfyve	gsk3b	gli1	spry1	frem2a	frem1b	fras1	frem3	frem2b	lef1	foxp2	nectin1b	nrarpa	nrarpb	arnt2	robo3	unc119a	myh7	prrx1b	gdnfa	slc2a2	cnga2a	hey2	lum	elovl4b	elovl4a	foxo3a	chuk	crb1	satb2	p4ha2	uhrf1	haus3	znf574	kiss1ra	prom1b	hey1	lgr4	nphp4	ltbp3	crmp1	mib1	irx3b	wnt2bb	ppp1r14aa	cemip2	slc6a3	metap2b	ahi1	ahr2	cart1	f3b	kirrel3l	lhx9	lhx2b	guca1c	ponzr1	csrp1a	popdc2	sec13	anos1a	anos1b	phox2bb	agr2	sox4b	slit2	fzd3a	fxyd1	cnr1	cart4	slc6a5	pax8	zgc:86709	itga5	mvp	sae1	fgf1a	cntn2	nphs1	ptpro	tmem67	fbn2b	fgfr2	tac1	smarca4a	bhlhe22	bcl6aa	cyp11a2	gjd2b	unc119.2	sox9b	gata4	canx	nxph1	ddc	myo1ea	notch3	clrn1	tal1	tcf7l2	med12	mecom	gata1a	eaf1	pax6a	pvalb7	s100b	tmsb4x	crip2	cluap1	nr1h3	valopa	grk5	grk3	tmc1	tmc2a	gpr151	meox1	kcnh6a	rnf207b	smad3a	smad3b	fgf16	dmrta2	klf8	sox4a	asic4b	asic4a	asic2	cdh6	pcdh17	anln	ehd1b	ehd3	pax6b	clint1a	pllp	iqgap2	hmmr	poc1b	vhl	yap1	dchs1b	irx3a	slc26a2	tmem234	stm	col4a5	col4a6	rock2a	fdx1b	med24	nrp2b	six3a	etv4	etv5a	tph2	id4	rac1a	cdc42	fat1a	park7	prkn	mul1a	gna13b	inaa	ntrk1	ntf3	ntrk3a	ntrk2b	galr2b	klf7a	bmp2b	wt1b	spred2b	cd2ap	tnksa	tnksb	vegfc	myo5b	gnb5b	hcrt	hand2	elmo1	irf8	cav1	usp40	emx2	prune2	kdm6ba	kdm6bb	tnfa	traf2a	hnf4a	mmp2	mmp9	dzip1l	brca2	greb1	calr	gsdf	b3glcta	atg5	cyp21a2	hsf4	kcnk10a	otol1a	srgap2	rnf152	cc2d2a	rab8a	nkx2.7	krit1	heg1	noctb	nocta	dusp6	myd88	fbl	egfl7	fgf4	rfng	sgca	rac3b	ddx39ab	nppa	bsx
skeletal_element	sost	ctnnb1	shha	cdh2	jupa	cyp26b1	tgfb3	atp2b1a	sp7	mymk	stac3	kif5ba	mustn1b	kank2	tpcn2
female_organism	npr2	igf1	ptgs2a	fgf24	gper1	gsdf	cyp11a1	buc
anatomical_system	sost	sept7b	cryaa	urp2	stmn2b	zeb2a	arhgap18	cdx1b	ar	zfyve9a	vps18	a2ml	celsr3	mir133b	mir137-1	mir137-2	mir143-1	hps5	fdx1	nectin1a	serpine1	itga8	kremen1	foxc1a	pdzrn3a	col12a1a	pax3b	lepa	met	frem1a	urp1	lgr6	npr2	myt1lb	sema4d	bbs9	tlr8	nppb	rxfp1	ptpn9a	tlr7	ENTREZID:100885853	e2f1	LOC101885606	vgll4a	tet3	npas4l	LOC110438496	bcl2l1	neurog3	cdh1	irx1b	igf1	aldh1a2	sox32	klf2a	gpc4	jag1a	gnat2	sox10	tfap2a	irx7	cebpa	ptprfa	ptk2ab	meis1b	crabp2a	sec61a1	scarb2a	kif11	igf1ra	vangl2	gpia	gpib	ptgs2a	mycn	p2rx4a	sim1a	tp63	sec31a	pak2a	acvrl1	smoc2	cdon	lamb1a	tbx5a	rbp4	zic1	hhex	frzb	flt4	wnt4a	foxa2	wnt2	wnt1	dld	isl1	gli2a	chrd	emx3	cyp11a1	ascl1a	prox1a	nr5a1a	nkx2.4b	atp1b3a	ndnl2	smtnl	nkx1.2la	nkx1.2lb	eve1	shbg	grid2	fabp2	cyp19a1b	gsx1	neurog1	her11	gli2b	crabp2b	erbb3a	rbmx	irf6	angptl2b	angptl1a	angptl6	ntn4	ntn2	trappc11	nf2b	smtlb	calb2b	irx1a	otx1	crim1	bnip3lb	gnrh2	foxc1b	fgf19	fgfrl1a	fgfrl1b	pax5	spra	tshz1	elnb	nr2e1	nr2e3	fez1	sfrp1a	mlh1	sema3d	shox2	cntn1a	crhb	uts1	bhlha15	scinla	ghsra	ghrl	hnf1ba	otx2a	otx2b	ENTREZID:799086	kera	oc90	dmd	dtnba	pitx3	nr4a2b	lmx1bb	mycbp2	vps39	zic4	aldh8a1	avp	tmie	zeb2b	arl6	ndrg4	pcdh1g18	itga2b	ptch2	nos2b	pomca	pikfyve	noto	gli1	spry1	ppp1r12a	opn1sw2	frem2a	frem1b	frem3	frem2b	foxp2	foxj1a	nectin1b	nrarpa	nrarpb	arnt2	foxg1a	robo3	unc119a	myh7	prrx1b	st3gal7	slc12a2	slc26a6l	slc26a4	slc26a3.1	gdnfa	slc2a2	prdm1a	cnga2a	chsy1	dyrk1b	cx43	cdh5	tgfb3	add3a	hey2	lum	elovl4b	elovl4a	foxo3a	chuk	crb1	satb2	p4ha2	tsc2	alcama	l1camb	uhrf1	foxa3	haus3	znf574	kiss1ra	paf1	prom1b	hey1	nav3	lgr4	nphp4	ltbp3	crmp1	trpv4	mib1	vgll2a	cdkl1	irx3b	wnt2bb	hoxb1a	ppp1r14aa	cemip2	slc6a3	metap2b	bhmt	ahi1	ahr2	cart1	f3b	kirrel3l	lhx9	lhx2b	mif	guca1c	lbx2	snapc4	ponzr1	csrp1a	popdc2	sec13	chodl	ntn1b	ntn1a	anos1a	anos1b	phox2bb	gata2a	sox4b	slit2	fzd3a	fxyd1	elocb	cnr1	cart4	slc6a5	pax8	mef2ca	mef2cb	zgc:86709	pthlha	cldnb	sec63	mvp	sae1	fgf5	plcg1	arxa	pax4	etv5b	fgf1a	cntn2	nphs1	csrnp1a	fgf20a	ptpro	tmem67	sall4	tac1	cdk4	smarca4a	bhlhe22	bcl6aa	cyp11a2	gjd2b	unc119.2	sox9b	gata4	neurod1	ascl1b	tdgf1	canx	nxph1	ddc	myo1ea	notch3	clrn1	kcnn1b	tcf7l2	med12	mecom	runx1	ctcf	foxo3b	gata1a	eaf1	pax1b	pax6a	stat3	pvalb7	s100b	tmsb4x	cga	crip2	edn1	grhl3	ptges	cluap1	ildr1b	epas1b	leg1.1	nr1h3	valopa	grk5	grk3	tmc1	tmc2a	gpr151	meox1	wnt11r	anxa4	dbx1b	kcnh6a	rnf207b	smad3a	smad3b	fgf10b	fgf16	dmrta2	klf8	sox4a	asic4b	asic4a	asic2	cftr	nup62l	cdh6	pcdh17	anln	ehd1b	ehd3	pax6b	clint1a	pllp	fli1b	etv2	ephb4a	bdnf	ntrk2a	gata2b	sox7	cnr2	selp	egfl6	kank2	lhx5	iqgap2	hmmr	poc1b	draxin	ren	mafba	dchs1b	irx3a	amotl2a	slc26a2	tmem234	lnx2a	lnx2b	hdac3	stm	col4a5	col4a6	rock2a	cdkn1bb	her4.2	nol9	fdx1b	med24	nrp2b	six3a	etv4	etv5a	pou3f2b	tph2	id4	lepb	lepr	rac1a	cdc42	fat1a	jupa	osbpl2b	osbpl2a	park7	prkn	mul1a	rnf213a	inaa	ntrk1	ntf3	ntrk3a	aqp8a.1	galr2b	med10	klf7a	cyp26a1	wt1b	spred2b	cd2ap	tnksa	tnksb	nr5a2	myo5b	gnb5b	vdrb	hcrt	ptenb	fam49a	ndrg1b	elmo1	irf8	cav1	usp40	svep1	emx2	prune2	twist2	braf	kdm6ba	kdm6bb	tnfa	traf2a	hnf4a	mmp2	mmp9	dzip1l	brd2a	brca2	greb1	calr	gsdf	rag1	tlr2	tlr3	tlr1	b3glcta	atg5	cyp21a2	cd36	klf9	hsf4	kcnk10a	otol1a	nr2f1a	npy	rb1	srgap2	rnf152	cc2d2a	rab8a	nkx2.7	krit1	heg1	noctb	nocta	sp7	dusp6	vgll4b	vgll4l	urb2	myd88	fbl	egfl7	rfng	sgca	rac3b	ddx39ab	nppa	pou5f3	foxi1	bsx
Kupffer's_vesicle	enpp2	ENTREZID:192346	gdf3	spaw	her12	cldn5a	mustn1a	klf8	mustn1b	foxj1a	ndr1
otic_vesicle	hdac1	gsc	ahr2	sox3	bmp4	slc9a3r1a	osbpl2b	sox2	stm	otol1a	slc26a2	osbpl2a	mustn1a	mustn1b	fgf4	sox9b
polster	mmp15b	tbx16	snai1a	mmp15a	foxe3	klf17	bhlha15	snai1b
presumptive_forebrain	igf1	ENTREZID:192346	zic1	otpb	dbx1b	rx3	anos1a	bmp2b	six3b	cyp26b1	lmo4b	olig2	cdo1	sfrp1a	wls	nr2e1	nr2e3	foxp2	pcdh19
shield	ifitm1	ifitm5	chrd	dkk1b	hoxd4a	nkx2.5	pmaip1	dio3b
tail_bud	ifitm1	ifitm5	enpp2	gdf3	pax9	dtnba	ttpa	parp3	spaw	her12	cldn5a	ctcf	mustn1a	klf8	mustn1b	runx1	vox	foxj1a	cdx4	ndr1	dmd	ENTREZID:192346	pax1b
EVL	klf2a	klf2b	chuk	irf6	epcam	cfl1l	myh10	klf17	cldne	pou5f3
YSL	ndr2	hspb12	mcoln1a	hspb7	map9	mxtx2	pmaip1	mcoln1b	slc3a2a	ndr1	nanog
germ_ring	ifitm1	ifitm5	zmiz2	tbx6	ENTREZID:192346	id3	wnt8a	wnt4a	foxa2	isl2a	dkk1b	tbx16	ctnnb1	snai1a	her1	tdgf1	hoxd4a	fzd2	cyp26a1	foxd3	foxa3	nkx2.5	mid1ip1l	ncln	foxi1	msgn1	sox7	vegfc	nomo	ext1a	ext1b	ext1c	wnt8-2	pcdh1g18	dyrk1b	calcr	fzd9b	pmaip1	snai1b	sox18	dio3b	chrd	bmp2b	osr1
hypoblast	zmiz2	tbx6	wnt8a	wnt4a	foxa2	isl2a	tbx16	snai1a	her1	tdgf1	fzd2	cyp26a1	foxd3	foxa3	ncln	foxi1	msgn1	sox7	vegfc	nomo	wnt8-2	dyrk1b	calcr	fzd9b	snai1b	sox18	bmp2b
liver_primordium	a2ml	sox32	ENTREZID:192346	chrd	her5	bmp2a	bmp2b	prox1a	fabp2	rbmx	osbpl2b	fgf10a	ptf1a	ppp1r12a	angptl2b	angptl1a	osbpl2a	angptl6	nr5a1a
presumptive_brain	ar	wdr81	znf703	igf1	meis1b	scarb2a	ENTREZID:192346	mycn	zic1	otpb	fzd7b	dbx1b	pax2a	rx3	anos1a	bmp2b	six3b	lef1	cyp26b1	lmo4b	znf503	olig2	boc	cdo1	sfrp1a	esrra	wls	nr2e1	nr2e3	cyp26c1	foxp2	pcdh19	slit1a	nlk2	robo2	pax8	cdx4
presumptive_midbrain	znf703	meis1b	mycn	fzd7b	lef1	cyp26b1	znf503	sfrp1a	nr2e1	nr2e3	cyp26c1	foxp2	slit1a	nlk2	robo2
pancreas_primordium	a2ml	chrd	her5	bmp2b	fabp2	ptf1a
presumptive_hindbrain	znf703	meis1b	mycn	pax2a	cyp26b1	znf503	boc	sfrp1a	esrra	nr2e1	nr2e3	cyp26c1	pcdh19	pax8	cdx4
presumptive_telencephalon	ar	cxcr4b	ENTREZID:192346	zic1	rx3	anos1a	six3b	lmo4b	olig2	boc	cxcl12a	cdo1	sfrp1a	nr2e1	nr2e3	cyp26c1	foxp2	pcdh19
presumptive_diencephalon	znf703	wnt8b	otpb	dbx1b	cyp26b1	znf503	sfrp1a	wls	fzd8a
presumptive_structure	ar	il7r	wdr81	znf703	igf1	cxcr4b	meis1b	scarb2a	ENTREZID:192346	mycn	zic1	wnt8a	gsc	otpb	cyp26a1	cyp19a1a	fzd7b	dbx1b	pax2a	rx3	foxa3	pax6a	bmp4	anos1a	bmp2b	six3b	cyp26b1	lmo4b	znf503	olig2	boc	cxcl12a	irf6	cdo1	sfrp1a	esrra	wls	nr2e1	nr2e3	amh	cyp26c1	foxp2	pcdh19	slit1a	tbx22	nlk2	robo2	pax8	sox9a	sox9b	notch1b	cdx4	lef1
blastodisc	wnt8a	ctnnb1	esr2a	mid1ip1l	gpx4a	gpx4b	dnd1	fyna	net1	myo1b	nr3c1	myo1cb	aurkb
blastoderm	zeb1a	zeb1b	klf2a	klf2b	wnt8a	gpx4a	gpx4b	chuk	irf6	epcam	cfl1l	rfng	myh10	sgca	klf17	rac3b	cldne	pou5f3
presumptive_midbrain_hindbrain_boundary	znf703	fzd7b	cyp26b1	znf503	sfrp1a	nr2e1	nr2e3
presumptive_rhombomere_2	mycn	fgf8a	fgf3	cyp26b1	cyp26c1
presumptive_rhombomere_4	fgf8a	fgf3	cyp26b1	cyp26c1	pcdh19
presumptive_rhombomere_3	mycn	fgf8a	fgf3	cyp26b1	cyp26c1	pcdh19
neurogenic_placode	neurog1	sox3	fgf3	sox2	hnf1ba
presumptive_forebrain_midbrain_boundary	fzd7b	cyp26b1	sfrp1a	nr2e1	nr2e3
pancreatic_bud	sept7b	zfyve9a	neurog3	lamb1a	rbp4	neurod1	ascl1b	bmp2a	arxa	anxa4	lnx2a	pthlha	pax4	lnx2b	nav3	fgf10a	fgf24
surface_structure	rpz	lgr6	LOC100331704	ENTREZID:114379	ptch2	ptch1	fbln1	her1	pou5f3	irx3a	dlx5a	dlx4b	dlx3b	dlx6a	fgfr1a	lama5	col14a1a	rac1a	parp3	agr2	foxi1	fgf24	foxi2	foxi3a	foxi3b	plxnd1	braf	gh1	cd36	egfl6	tfap2c	tcf7	lgr4	usp30	nphp4	hmcn2	adrb2a	and2	lye	kcnn1b	fgf4	bdnf	ripply1	fgf16	and1	edar	eda	tfap2a	fgf20a
head	cryaa	fn1a	celsr3	hps5	itga8	foxc1a	col12a1a	tet2	tet3	npas4l	cdh1	irx7	ENTREZID:192346	p2rx4a	pak2a	frzb	wnt4a	isl1	alcama	ctnnb1	mdka	wnt11r	ihhb	her4.2	jupa	dnmt1	ahr2	fgf8a	tp53	sox11b	myh7	gfap	l1camb	ephb4a	nkx2.7	fgfr1a	rock2a	prdm1a	cyp26b1	sox4a	prrx1b	pikfyve	cntn1a	smarca4a	foxi1	fgf24	tbx1	fgf19	guca1c	p4ha2	atp2b1a	prom1b	itga5	fgfrl1a	bcl6aa	bhlhe22	irx1a	sp7	ddx39ab	uhrf1	asic4b	asic4a	asic2	lum	cd36	clrn1	nr2e1	ehd1b	gcm2	nr2e3	fgfrl1b	hsf4	dzip1l	inaa	dyrk1b	vgll2a	cftr	fgf20a	crb1	yap1	anln	ltbp3	ehd3	opn5	gdf6a	kera	wwtr1	noctb	lama1	cc2d2a	kcnn1b	rab8a	nocta	pax1b	zic2a	pax6b	sox9b	ihha	foxc1b	b3glcta
trunk	LOC101885606	cyp1a	cx43	her1	foxo3b	pou5f3	gata1a	ahr2	myb	emx3	dlx4b	dlx3b	tal1	rap1b	metap2b	mmp2	cxcl12a	her15.2	itga5	her12	ddx39ab	mmp9	sae1	eaf1	irf8	itgb1a	apol1	aplnra	haus3	fgf4	hey2	lbx2	nphs1	znf574	spi1b	her7
post-vent_region	lgr6	pou5f3	irx3a	egfl6	lgr4	fgf4
neuromere	sost	met	vangl2	zic1	gli2a	cdh2	tp53	pcdh1g18	ntn4	klf8	ntn2	zic4
anterior_axial_hypoblast	tbx6	wnt8a	tbx16	snai1a	her1	fzd2	cyp26a1	bmp2b	ncln	msgn1	nomo	calcr	fzd9b	snai1b
heart_primordium	fn1a	s1pr2	ENTREZID:192346	bmp4	fabp2	tal1	gna13b	itga5	tac1	grk5	yap1	cemip2	wwtr1	spns2	grk3	snai1b	cdx4
hypochord	frem1a	foxa2	twist3	foxa3	pth1ra	notch1a	dtnba	sulf1	tjp3	tjp1a	arl6ip1	tjp2b	cdkl1	hapln1a	pthlha	frem2a	frem1b	col2a1a	fras1	frem3	frem2b	egfl7	dmd
intermediate_cell_mass_of_mesoderm	ptpn9a	LOC101885606	tet2	cebpa	smoc2	spi1b	tal1	stat3	plcg1	crim1	ctcf	irf8	nphp4	csrnp1a	runx1
lens	cryaa	fn1a	cdh1	ptk2ab	cdh2	dnmt1	tp53	gfap	p4ha2	itga5	ddx39ab	uhrf1	hsf4	gdf6a
retinal_neural_layer	celsr3	tet2	tet3	npas4l	irx7	mdka	her4.2	sox11a	sox11b	rock2a	pikfyve	cntn1a	smarca4a	guca1c	bhlhe22	asic4b	asic4a	asic2	clrn1	inaa	opn5	noctb	lama1	nocta	atf3
optic_vesicle	enpp2	znf703	hdac1	shha	ahr2	wrb	fgf1a	dzank1	ninl	lama1	cc2d2a	rab8a	sox9b
prechordal_plate	rnf111	mmp15b	s1pr2	wnt8a	foxa2	chrd	dkk1b	tbx16	snai1a	foxa3	vsx1	bmp4	stat3	prdm5	desi2	efemp2a	diaph2	mmp15a	foxe3	klf17	bhlha15	snai1b
blood_island	LOC101885606	tet2	smoc2	spi1b	irf8	nphp4
retinal_inner_nuclear_layer	npas4l	mdka	her4.2	sox11a	sox11b	rock2a	inaa	opn5
lens_placode	sox21a	gfap	foxe3	pitx3
neural_keel	ar	nectin1a	znf703	cxcr4b	per2	meis1b	hdac1	ENTREZID:192346	mycn	cdon	zic1	wnt8b	efnb2a	ccnd1	otpb	hoxb1b	dbx1b	rx3	foxd3	dlx5a	dlx6a	anos1a	six3b	notch1a	cyp26b1	lmo4b	znf503	olig2	boc	cxcl12a	fgf24	ptenb	scrib	cdo1	fgf1a	hdac3	sfrp1a	pard3ab	wls	stmn4	nr2e1	ildr1b	nr2e3	cdh6	gli2b	cyp26c1	foxp2	pcdh19	nectin1b	mych	gdf6a	cdh7a	fzd8a	epha4a	numb	ptena	shha	fgf8a	fgf3
neural_plate	urp2	urp1	lgr6	mmp15b	akt1	irx1b	gbx1	dmbx1a	meis1b	ENTREZID:192346	kif11	vangl2	mycn	zic1	wnt8a	dld	gli2a	chrd	egr2b	dkk1b	htt	foxg1a	her3	ihhb	pou5f3	hoxb1b	fzd7b	emx3	tcf7l1b	pax6a	vsx1	six3a	smad2	gsk3b	ebf2	fgfr1a	snw1	her8a	alcamb	bptf	olig4	dtnba	smad3b	sulf1	bmper	mib1	gli1	zic3	epb41l5	tgfb2	znfl1	tlc	irx4a	cdx1a	her11	dmbx1b	lhx9	lgr4	mmp15a	col2a1a	lrp5	zic2b	zic2a	smad3a	wnt9a	zic4	lhx2b	dmd	tfap2a	irx7	dla	shha	tcf7l1a	pax3a	prdm1a	cdx4	neurog1	her5	foxd3
neural_rod	appb	ENTREZID:192346	rho	her4.2	tal1	kif3a	dpysl3	dpysl2b	dyrk2	med12	appa	cdk5
notochord	lgr6	pou5f3	irx3a	egfl6	lgr4	oc90	fgf4
optic_stalk	arhgap18	cdon	ptch2	ihhb	six3a	sox4a	nrarpa	nrarpb	lama1	zic2a	ihha
retinal_photoreceptor_layer	celsr3	her4.2	rock2a	opn5	noctb	nocta
somite	her1	pou5f3	emx3	dlx4b	dlx3b	rap1b	cxcl12a	her15.2	itga5	her12	itgb1a	aplnra	lbx2	her7
lateral_line_primordium	gpc4	lef1	cxcl12a	hdac3	amotl2a	yap1	ntrk2b	bdnf	ntrk2a	snai1b
segmental_plate	scube3	appb	shha	fzd7b	msgn1	ccdc80	hapln1a	dyrk2	sox6	akap12b	appa	lbx2	ENTREZID:192346	prdm1a
granular_layer_corpus_cerebelli	ENTREZID:192346	ntrk1	ntf3	ntrk3a	ntrk2b
macula	aldh1a2	sox10	atp1b3a	otx1	fgf5	trpv4	oc90	pax5	aldh1a3	vhl
mesenchyme	scube3	enpp2	lpar3	appb	sema3aa	shha	fzd7b	cxcl12a	msgn1	ccdc80	pdlim7	hapln1a	dyrk2	sox6	akap12b	appa	lbx2	ENTREZID:192346	prdm1a
molecular_layer_corpus_cerebelli	ENTREZID:192346	gpia	gpib	ntrk1	ntf3	grid2	ntrk3a	ntrk2b
optic_primordium	per2	meis1b	hdac1	cdon	ccnd1	shha	fgf3	fgf24	ptenb	fgf1a	hdac3	ildr1b	pcdh19	mych	gdf6a	ptena
cerebellar_crest	adcyap1a	hoxb1a	col4a5	grid2	ppp1r14aa	col4a6	vipr2
dorsal_root	mir137-1	mir137-2	reck	ENTREZID:100885853	tnfa	traf2a	adgra2
gill_filament	fgfrl1a	gcm2	fgfrl1b	slc26a6l	slc26a4	slc26a3.1	cldnb
ventral_root	mir137-1	mir137-2	ENTREZID:100885853	tnfa	adgra2	traf2a	reck
lateral_migration_pathway_mesenchyme	enpp2	lpar3	sema3aa	cxcl12a	pdlim7
thyroid_primordium	bcl2l1	jag1a	hhex	pax2a	fgf8a	gcm2	nos2b	wwtr1	nkx2.4b	hand2
neuroectoderm	akt1	chrd	dkk1b	pou5f3	hoxb1b	mib1	epb41l5	znfl1
primary_germ_layer	scube3	rnf111	frem1a	mmp15b	apela	akt1	aldh1a2	gpc4	s1pr2	appb	vangl2	pak2a	smoc2	wnt4a	foxa2	clocka	chrd	twist3	dkk1b	neurog1	shha	snai1a	her1	tdgf1	pou5f3	hoxb1b	tbxta	fzd7b	brd2a	gata1a	sox3	sox21a	fgf3	foxa3	vsx1	bmp4	pth1ra	smad2	gfap	vegfaa	ephb4a	lef1	notch1a	stat3	bptf	dtnba	enc3	sulf1	mpx	dcaf7	bmper	mib1	foxi1	fgf24	msgn1	ccdc80	epb41l5	tgfb2	znfl1	tjp3	sox2	tjp1a	pdgfra	fhl1b	irf6	fgf1a	pdlim7	bmp5	arl6ip1	vegfc	cnr1	eaf1	eaf2	prdm5	tjp2b	desi2	cdkl1	nomo	hapln1a	efemp2a	nr3c1	pthlha	frem2a	diaph2	frem1b	dyrk2	map1b	mmp15a	col2a1a	fras1	frem3	frem2b	sox6	akap12b	lama1	foxe3	appa	smad3a	hand2	klf17	fgf16	hnf1ba	bhlha15	snai1b	dmd	egfl7	lbx2	ogg1	ripply1	cnr2	nanog
neural_tube	urp2	mir9-7	ptk7b	urp1	lgr6	mmp25b	plxnb2b	mab21l2	gbx1	kif11	mab21l1	mpp5a	zic1	wnt8a	foxa2	shha	foxg1a	ihhb	her4.2	eve1	hoxb1b	pax2a	brd2a	tcf7l1a	sox21a	foxa3	pax6a	gsk3b	pbx4	ift88	olig2	smad3b	tshz1	ift57	ift172	nr4a2b	rtn4a	prdm12b	kif7	lhx9	lgr4	map1b	crb1	plxnb2a	crb2b	zic2b	zic2a	smad3a	pbx2	draxin	rtn4b	crb2a	hmx4	zic4	lhx2b	gli2a	gli1
non_neural_ectoderm	akt1	cxcr4a	ENTREZID:192346	bmp2b	smad2	bptf	enc3	bmper	tgfb2	fgf1a	map1b
epidermal_basal_stratum	dlx4b	dlx3b	foxi1	foxi2	foxi3a	foxi3b	tfap2c	lye	edar	eda	tfap2a
pars_intermedia	kiss1	kiss2	fgf3	pomca	kiss1ra
corpuscles_of_Stannius	mst1	sim1a	id2a	tbx2b	fhl1b	stc1l	fgf23	casr	tbx2a	stc1
lateral_floor_plate	col12a1a	tbx16	ndr2	tbxta	fgf8a	dtnba	gata2b	cdkl1	hand2	dmd
medial_floor_plate	mdka	nkx1.2la	nkx1.2lb	cdkl1	tbx16	ndr2	tbxta
endocardial_cushion	ENTREZID:192346	nr2f1a	crip2	npnt	cemip2	zgc:86709	fbn2b	tmsb4x	has2	bmp4
cardiac_jelly	nppb	tbx2b	bmp4	nppa	chsy1	erbb2	cdh5	med10	npnt	fbn2b	has2
endocardium	serpine1	klf2a	ENTREZID:192346	acvrl1	nr2f1a	ahr2	notch1a	krit1	heg1	crip2	npnt	cemip2	zgc:86709	fbn2b	tmsb4x	notch1b	has2	bmp4
retinal_outer_plexiform_layer	irx7	mdka	smarca4a	guca1c	bhlhe22	asic4b	asic4a	asic2
stratum_periventriculare	klf6a	cdh6	klf7a	pcdh19	pcdh17
axial_hypoblast	zmiz2	tbx6	wnt8a	foxa2	isl2a	tbx16	snai1a	her1	fzd2	cyp26a1	foxd3	foxa3	ncln	msgn1	sox7	vegfc	nomo	wnt8-2	dyrk1b	calcr	fzd9b	snai1b	sox18	bmp2b
retinal_outer_nuclear_layer	mdka	rock2a	asic4b	asic4a	asic2	inaa	opn5
epithelium	dld	eve1	dlx4b	dlx3b	vegfaa	notch1a	fgfr2	foxi1	foxi2	foxi3a	foxi3b	tfap2c	myo5b	lye	edar	eda	tfap2a
portion_of_connective_tissue	sost	mef2ca	scinla	cyp26b1	tgfb3	scinlb	kank2
notochord_posterior_region	lgr6	pou5f3	irx3a	egfl6	lgr4	fgf4
epidermal_placode	dlx4b	dlx3b	foxi1	foxi2	foxi3a	foxi3b	tfap2c	lye	edar	eda	tfap2a
Purkinje_cell_layer_corpus_cerebelli	ENTREZID:192346	ntrk1	ntf3	ntrk3a	ntrk2b
ventral_wall_of_dorsal_aorta	LOC101885606	cx43	foxo3b	gata1a	myb	tal1	metap2b	mmp2	mmp9	sae1	eaf1	irf8	haus3	hey2	znf574	spi1b
anterior_lateral_mesoderm	ENTREZID:192346	vangl2	smoc2	wnt8a	tbx16	tbxta	gata1a	mpx	etv2	hand2
anterior_lateral_plate_mesoderm	wnt8a	tbx16	cyp26a1	brd2a	bmp2b	dcaf7	eaf1	eaf2	lama1
epicardium	tbx5a	hmmr	fgf4	sox9b	popdc2	nrg1
ventricular_epicardium	tbx5a	hmmr	sox9b	popdc2	nrg1
ventricular_myocardium	serpine1	tbx5a	isl1	tp53	nkx2.7	notch1a	calr	dusp6	kdm6ba	kdm6bb	nkx2.5
sinoatrial_node	ENTREZID:192346	isl1	nkx2.7	nkx2.5	gnb5b	shox2
dorsal_axial_hypoblast	zmiz2	wnt8a	foxa2	fzd2	cyp26a1	foxd3	foxa3	sox7	vegfc	wnt8-2	dyrk1b	calcr	fzd9b	sox18	bmp2b
muscle	mir126a	serpine1	gpc4	hdac1	tbx5a	flt4	isl1	nr2f1a	tp53	nkx2.7	notch1a	calr	sulf1	cxcl12a	dusp6	chodl	kdm6ba	grk5	kdm6bb	svep1	wwtr1	grk3	lbx2	nrg1	nkx2.5
optic_choroid	hps5	shha	ihhb	sox11a	sox4a	bcl6aa	yap1	wwtr1	zic2a	ihha
myocardial_precursor	fn1a	s1pr2	ENTREZID:192346	gna13b	itga5	tac1	grk5	yap1	wwtr1	spns2	grk3	snai1b	cdx4
vascular_sprouts	mir126a	flt4	mafba	cxcl12a	fli1b	vegfc	ren	rnf213a	etv2
brain_nucleus	myt1lb	adcyap1a	hoxb1a	pax2a	col4a5	sox2	rfng	grid2	ppp1r14aa	col4a6	sgca	rac3b	vipr2
renal_vesicle	vps18	frem1a	bbs9	ENTREZID:192346	pax2a	trappc11	poc1b	nf2b	arl6	frem2a	frem1b	nphp4	ahi1	fras1	frem3	frem2b	vps39	pax8	bbs1
nephron_progenitor	wnt8a	wt1a	etv4	notch1a	irx3b	etv5a	osr1	mecom	brca2	wwtr1
ectomesenchyme	akt1	chrd	dkk1b	pou5f3	hoxb1b	mib1	epb41l5	znfl1
caudal_hematopoietic_tissue	LOC110438496	klf6a	mmp2	mmp9	nol9	urb2	cnr2	selp
anterior_presumptive_neural_plate	znf703	igf1	cxcr4b	meis1b	ENTREZID:192346	mycn	zic1	wnt8a	gsc	otpb	cyp26a1	fzd7b	dbx1b	rx3	foxa3	pax6a	anos1a	bmp2b	six3b	lef1	cyp26b1	lmo4b	znf503	olig2	cxcl12a	cdo1	sfrp1a	wls	nr2e1	nr2e3	cyp26c1	foxp2	pcdh19	slit1a	nlk2	robo2	cdx4
posterior_presumptive_neural_plate	znf703	meis1b	mycn	cyp26a1	pax2a	cyp26b1	znf503	boc	sfrp1a	esrra	nr2e1	nr2e3	cyp26c1	pcdh19	pax8	cdx4
anterior_neural_plate	lgr6	irx7	gbx1	dmbx1a	ENTREZID:192346	vangl2	mycn	wnt8a	htt	shha	foxg1a	fzd7b	tcf7l1a	emx3	pax6a	vsx1	six3a	smad2	gsk3b	ebf2	fgfr1a	alcamb	bptf	dtnba	gli1	tgfb2	tlc	her11	dmbx1b	lhx9	lgr4	zic2b	zic2a	lhx2b	cdx4	dmd	neurog1	her5
posterior_neural_plate	urp2	urp1	lgr6	mmp15b	irx1b	irx7	gbx1	meis1b	ENTREZID:192346	kif11	zic1	wnt8a	dla	dld	gli2a	egr2b	htt	shha	her3	ihhb	pou5f3	hoxb1b	pax3a	tcf7l1b	vsx1	smad2	gsk3b	her8a	bptf	dtnba	smad3b	sulf1	mib1	gli1	epb41l5	tgfb2	znfl1	irx4a	cdx1a	lhx9	lgr4	mmp15a	smad3a	wnt9a	zic4	lhx2b	dmd	tcf7l1a	cdx4
forebrain_neural_plate	lgr6	htt	shha	foxg1a	tcf7l1a	emx3	pax6a	vsx1	six3a	alcamb	lhx9	lgr4	zic2b	zic2a	lhx2b
midbrain_neural_plate	lgr6	irx7	gbx1	dmbx1a	mycn	wnt8a	shha	pax6a	gsk3b	ebf2	fgfr1a	dtnba	gli1	tlc	her11	dmbx1b	lhx9	lgr4	lhx2b	dmd	neurog1	her5
spinal_cord_neural_plate	urp2	urp1	kif11	shha	ihhb	smad3b	sulf1	cdx1a	smad3a	cdx4
hindbrain_neural_plate	lgr6	irx1b	irx7	gbx1	meis1b	ENTREZID:192346	zic1	wnt8a	gli2a	egr2b	htt	her3	gsk3b	her8a	dtnba	mib1	gli1	epb41l5	irx4a	lhx9	lgr4	zic4	lhx2b	cdx4	dmd
posterior_neural_keel	nectin1a	mycn	efnb2a	shha	hoxb1b	notch1a	cyp26b1	cdh6	gli2b	cyp26c1	pcdh19	nectin1b	cdh7a	epha4a	fgf8a	fgf3
anterior_neural_keel	nectin1a	per2	meis1b	hdac1	cdon	ccnd1	hoxb1b	fgf3	notch1a	fgf24	ptenb	fgf1a	hdac3	stmn4	ildr1b	gli2b	pcdh19	nectin1b	mych	gdf6a	cdh7a	ptena	shha
hindbrain_neural_keel	nectin1a	mycn	efnb2a	shha	hoxb1b	notch1a	cyp26b1	gli2b	cyp26c1	pcdh19	nectin1b	cdh7a	epha4a	fgf8a	fgf3
posterior_neural_rod	appb	dpysl3	dpysl2b	dyrk2	appa	cdk5
spinal_cord_neural_rod	appb	dpysl3	dpysl2b	dyrk2	appa	cdk5
posterior_neural_tube	ptk7b	lgr6	mmp25b	gbx1	kif11	mpp5a	wnt8a	gli2a	eve1	hoxb1b	brd2a	tcf7l1a	olig2	smad3b	gli1	nr4a2b	rtn4a	prdm12b	kif7	lhx9	lgr4	map1b	crb1	crb2b	smad3a	rtn4b	crb2a	lhx2b
anterior_neural_tube	lgr6	plxnb2b	mab21l2	gbx1	mab21l1	mpp5a	zic1	wnt8a	shha	foxg1a	her4.2	hoxb1b	pax2a	brd2a	tcf7l1a	pax6a	ift88	tshz1	ift57	ift172	lhx9	lgr4	crb1	plxnb2a	crb2b	zic2b	zic2a	draxin	crb2a	hmx4	zic4	lhx2b
midbrain_neural_tube	lgr6	plxnb2b	mab21l2	mab21l1	shha	her4.2	brd2a	pax6a	lhx9	lgr4	plxnb2a	draxin	lhx2b
forebrain_neural_tube	lgr6	gbx1	zic1	wnt8a	shha	foxg1a	tcf7l1a	pax6a	ift88	ift57	ift172	lhx9	lgr4	zic2b	zic2a	hmx4	zic4	lhx2b
spinal_cord_neural_tube	kif11	smad3b	rtn4a	prdm12b	map1b	smad3a	rtn4b
hindbrain_neural_tube	mmp25b	gli2a	hoxb1b	brd2a	olig2	gli1	prdm12b	kif7
neural_plate_border	lgr6	akt1	tcf7l1a	snw1	olig4	bmper	zic3	lhx9	lgr4	lrp5	zic2b	zic2a	lhx2b	tfap2a	pax3a	prdm1a	foxd3
epiphysis	nectin1a	rxfp1	tp63	elovl4b	elovl4a	ddc	nxph1	crmp1	tac1	prune2	unc119.2	nectin1b	cart1	unc119a	ihha
floor_plate	urp2	col12a1a	urp1	kif11	vangl2	foxa2	gli2a	shha	mdka	ihhb	fgf8a	foxa3	dtnba	sulf1	nkx1.2la	nkx1.2lb	gata2b	cdkl1	ntn4	hand2	draxin	ntn2	dmd	tbx16	ndr2	tbxta
hindbrain	sost	urp2	mir133b	kiss1	met	urp1	tfap2a	vangl2	gpia	gpib	mycn	adcyap1a	zic1	gli2a	cdh2	hoxb1a	etv5b	fgf8a	ntrk1	tp53	robo3	col4a5	smad3b	csrp1a	ntf3	fgf1a	pitx3	cnr1	canx	nr4a2b	grid2	slc6a5	rnf152	phox2bb	f3b	ppp1r14aa	pcdh1g18	col4a6	lmx1bb	ntn4	klf8	ntrk3a	ntrk2b	tmem67	smad3a	valopa	ntn2	zic4	gdnfa	cart4	vipr2	ENTREZID:192346
hypothalamus	kiss1	kiss2	klf6a	cyp19a1a	ascl1a	fgf3	anos1a	anos1b	notch1a	pomca	nr2e1	gsx1	nr2e3	cdh6	klf7a	pcdh19	pcdh17	gdf6a	notch3	cyp19a1b	notch1b
pharynx	itga8	vgll4a	pak2a	wnt8a	wnt4a	alcama	ctnnb1	wnt11r	cdh2	eve1	jupa	fgf8a	l1camb	ephb4a	nkx2.5	fgfr1a	prdm1a	fgfr2	foxi1	tbx1	atp2b1a	fgfrl1a	sp7	vgll4b	gcm2	fgfrl1b	dyrk1b	vgll2a	vgll4l	nup62l	pax1b	edn1	grhl3	shha	fras1
telencephalon	kiss1	kiss2	ptprfa	ENTREZID:192346	klf6a	ntn1b	ntn1a	cdh2	cyp19a1a	gata4	anos1a	anos1b	nrp1a	sox2	chuk	pvalb7	nrp2b	meox1	s100b	klf7a	satb2	gdf6a	cyp19a1b	fgf16	spred2b	galr2b	ENTREZID:799086
cerebellum	ENTREZID:192346	gpia	gpib	adcyap1a	hoxb1a	ntrk1	col4a5	ntf3	grid2	rnf152	ppp1r14aa	col4a6	ntrk3a	ntrk2b	gdnfa	vipr2
diencephalon	arhgap18	nectin1a	pdzrn3a	myt1lb	rxfp1	irx1b	gnat2	sec61a1	sim1a	tp63	klf6a	cdon	pitx2	ptch2	sema3d	noto	ctnnb1	ihhb	cyp19a1a	pou3f2b	pax2a	opn1sw2	otx2a	lhx5	ascl1a	gata2a	otx2b	tcf7l2	fgf8a	pax6a	anos1a	six3a	anos1b	notch1a	elovl4b	sox4a	mib1	avp	pomca	nrarpa	nrarpb	nrp1a	fgf10a	gnrh3	elovl4a	sox4b	ddc	fez1	nxph1	nr2e1	park7	gsx1	dmrta2	nr2e3	crhb	fxyd1	cdh6	prkn	lhx9	mul1a	smtlb	klf7a	crmp1	spra	tac1	prune2	unc119.2	nectin1b	pcdh17	kiss1ra	cart1	kcnk10a	nos2b	uts1	opn5	gper1	gdf6a	med12	unc119a	lama1	bsx	notch3	zic2a	cyp19a1b	hcrt	arnt2	atp1a1a.1	cnga2a	greb1	lhx2b	cyp21a2	notch1b	galr2b	slc6a3	kiss2	otpb	fgf3	sox2	pcdh19	ihha
forebrain	arhgap18	nectin1a	pdzrn3a	myt1lb	rxfp1	irx1b	gnat2	ptprfa	sec61a1	mpp5a	sim1a	tp63	klf6a	cdon	zic1	pitx2	ptch2	ntn1b	ntn1a	sema3d	noto	ctnnb1	foxg1a	cdh2	ihhb	cyp19a1a	pou3f2b	dbx1b	pax2a	opn1sw2	otx2a	lhx5	ascl1a	gata2a	gata4	otx2b	tcf7l2	fgf8a	pax6a	anos1a	six3a	anos1b	lef1	notch1a	elovl4b	sox4a	mib1	avp	pomca	nrarpa	nrarpb	fgf10a	gnrh3	chuk	elovl4a	sox4b	pvalb7	sfrp1a	nrp2b	ddc	fez1	meox1	s100b	nxph1	nr2e1	park7	gsx1	dmrta2	nr2e3	crhb	fxyd1	cdh6	prkn	lhx9	mul1a	smtlb	klf7a	crmp1	spra	foxp2	tac1	prune2	unc119.2	nectin1b	pcdh17	kiss1ra	cart1	kcnk10a	satb2	nos2b	uts1	opn5	gper1	fzd3a	gdf6a	med12	unc119a	lama1	bsx	cyp19a1b	ENTREZID:799086	zic4	spry1	arnt2	cnga2a	zic2a	hey1	slc6a3	lhx2b	slit2	notch3	notch1b	fgf16	galr2b	spred2b	hcrt	greb1	cyp21a2	egfl7
midbrain	kiss1	adcyap1a	klf6a	adcyap1b	gjd2b	ndnl2	calb2b	fbl	tph2	atg5	gpr151	cdh6	rnf152	klf7a	pcdh19	prune2	pcdh17	kcnk10a	galr2b
primitive_heart_tube	nppb	meis1b	s1pr2	ENTREZID:192346	tbx5a	ctnnb1	mef2ca	tal1	nppa	chsy1	gna13b	tbx1	erbb2	leo1	cdh5	aqp8a.1	med10	paf1	add3a	npnt	spns2	fbn2b	mef2cb	has2	tbx2b	bmp4
retina	celsr3	tet2	tet3	npas4l	irx7	mdka	her4.2	sox11a	sox11b	rock2a	pikfyve	cntn1a	smarca4a	guca1c	bhlhe22	asic4b	asic4a	asic2	clrn1	inaa	opn5	noctb	lama1	nocta	atf3
tegmentum	kiss1	tph2	gpr151	prune2	galr2b
corpus_cerebelli	ENTREZID:192346	gpia	gpib	ntrk1	ntf3	grid2	rnf152	ntrk3a	ntrk2b
dorsal_periventricular_hypothalamus	kiss1	kiss2	klf6a	cdh6	klf7a	pcdh19	pcdh17
esophagus	cdx1b	pax3b	agr2	fgf10a	irf6	st3gal7	ihha	fgf10b
ventral_telencephalon	kiss1	kiss2	klf6a	klf7a	fgf16	spred2b
dorsal_hypothalamic_zone	kiss1	kiss2	klf6a	ascl1a	notch1a	nr2e1	nr2e3	cdh6	klf7a	pcdh19	pcdh17	notch3	notch1b
glomerular_layer	ptprfa	ntn1b	ntn1a	cyp19a1a	anos1a	anos1b	nrp1a	pvalb7	nrp2b	s100b	cyp19a1b	ENTREZID:799086
median_tuberal_portion	kiss1	kiss2	cyp19a1a	anos1a	anos1b	notch1a	notch3	cyp19a1b	notch1b
olfactory_bulb	ptprfa	ENTREZID:192346	ntn1b	ntn1a	cdh2	cyp19a1a	gata4	anos1a	anos1b	nrp1a	chuk	pvalb7	nrp2b	meox1	s100b	satb2	cyp19a1b	spred2b	galr2b	ENTREZID:799086
pretectum	ENTREZID:192346	shha	fez1	lhx9	spra	lhx2b	slc6a3
optic_tectum	klf6a	ndnl2	fbl	cdh6	klf7a	pcdh19	pcdh17
ventral_thalamus	kiss1	pdzrn3a	kiss2	irx1b	klf6a	shha	otx2a	lhx5	otx2b	tcf7l2	pax6a	anos1a	anos1b	mib1	klf7a	pcdh19	kiss1ra	arnt2
preoptic_area	myt1lb	pou3f2b	six3a	gnrh3	kcnk10a	hcrt
epithalamus	kiss1	nectin1a	rxfp1	gnat2	sec61a1	tp63	pitx2	sema3d	noto	ctnnb1	opn1sw2	tcf7l2	fgf8a	elovl4b	nrp1a	sox2	elovl4a	ddc	nxph1	park7	prkn	mul1a	crmp1	tac1	prune2	unc119.2	nectin1b	cart1	med12	unc119a	wnt3	bsx	ihha	ENTREZID:192346	tbx2b
medulla_oblongata	mir133b	kiss1	tfap2a	ENTREZID:192346	adcyap1a	hoxb1a	etv5b	robo3	col4a5	smad3b	csrp1a	fgf1a	pitx3	cnr1	canx	nr4a2b	grid2	slc6a5	phox2bb	ppp1r14aa	col4a6	lmx1bb	smad3a	valopa	cart4	vipr2
cornea	lum	crb1	kera	pax6b	b3glcta	pitx2
ceratobranchial_5_tooth	ctnnb1	shha	cdh2	jupa	atp2b1a	sp7
utricle	emx2	stm	otol1a	tmc1	tmc2a	pcdh15a
posterior_intestine	stmn2b	zeb2a	lgr6	rbp4	lgr4	zeb2b	cdx4
ventral_hypothalamic_zone	kiss1	kiss2	cyp19a1a	anos1a	anos1b	notch1a	notch3	cyp19a1b	notch1b
central_canal	sema4d	wnt2	sox11b	cntn2	mvp	wnt2bb
taste_bud	ENTREZID:192346	fgfr1a	fgf24	cd36	trpv4	fgf20a	kcnn1b	sall4
intestinal_bulb	crabp2a	fabp2	slc2a2	fgf10a	aldh8a1	crabp2b	aldh1a3	ghsra	ghrl
pharyngeal_pouch	itga8	pak2a	wnt4a	alcama	shha	wnt11r	fgf8a	l1camb	ephb4a	prdm1a	foxi1	tbx1	fgfrl1a	gcm2	fgfrl1b	dyrk1b	vgll2a	pax1b	fras1
ovarian_follicle	npr2	igf1	ptgs2a	gper1	gsdf	cyp11a1	buc
dermis	LOC100331704	ptch2	ptch1	fbln1	her1	col14a1a	rac1a	braf	hmcn2	adrb2a	ripply1
optic_cup	cdkn1a	sfrp5	meis1b	mycn	shha	ihhb	pax6a	sox11a	sox4a	bcl6aa	sfrp1a	six6b	pcdh19	yap1	gdf6a	wwtr1	lama1	zic2a	ihha	vsx2
ciliary_zone	frzb	her4.2	ehd1b	dzip1l	ehd3	cc2d2a	rab8a
thalamus	kiss1	pdzrn3a	kiss2	irx1b	klf6a	otx2a	lhx5	otx2b	tcf7l2	pax6a	anos1a	anos1b	mib1	fez1	klf7a	pcdh19	kiss1ra	arnt2	galr2b	shha	wnt3
iris	foxc1a	p2rx4a	pitx2	scinla	fgf19	nr2e1	nr2e3	pax6b	foxc1b
exocrine_pancreas	jag2b	jag1b	nr5a2	ptf1a	lnx2a	epas1b	cftr	lnx2b	bhlha15	leg1.1
forebrain_ventricle	mpp5a	zic1	dbx1b	hey1	arnt2	atp1a1a.1	zic4
neurohypophysis	sim1a	otpb	fgf3	avp	fgf10a	smtlb	nos2b	gper1	cnga2a	greb1	cyp21a2
adenohypophysis	kiss1	kiss2	gata2a	fgf3	pomca	sox4b	dmrta2	kiss1ra
renal_glomerulus	mir143-1	scarb2a	wt1a	shha	col4a5	usp40	elmo1	cd2ap	col4a6	srgap2	tnksa	npnt	brca2	tnksb	wt1b	lama1
pharyngeal_arch	itga8	ptk2ab	ENTREZID:192346	pak2a	wnt4a	alcama	ctnnb1	wnt11r	cdh2	jupa	fgf8a	l1camb	ephb4a	nkx2.5	prdm1a	cyp26b1	foxi1	tbx1	atp2b1a	fgfrl1a	sp7	gcm2	fgfrl1b	dyrk1b	vgll2a	pax1b	shha	fras1
atrioventricular_canal	nppb	ENTREZID:192346	nr2f1a	ahr2	nppa	kcnh6a	dchs1b	crip2	rnf207b	id4	notch1b
interrenal_gland	fn1a	fdx1	jag2b	jag1b	wt1a	notch1a	fdx1b	cyp11a2	brca2	cyp21a2
floor_plate_neural_tube	urp2	urp1	kif11	foxa2	gli2a	ihhb	foxa3
coelom	cyp1a	ahr2	apol1	fgf4	nphs1
rhombic_lip	sost	met	cdh2	fgf8a	tp53	pcdh1g18	klf8
upper_rhombic_lip	sost	met	cdh2	tp53	pcdh1g18	klf8
pronephric_glomerulus	mpp5a	wt1a	notch1a	rac1a	cdc42	fat1a	osr1	mecom	myo1ea	kirrel3l	ponzr1	tmem234	nphs1	vhl
immature_eye	vps18	cdkn1a	enpp2	znf703	sfrp5	meis1b	hdac1	mycn	neurod1	ihhb	ahr2	sox21a	pax6a	sox11a	gap43	gfap	wrb	sox4a	bcl6aa	fgf1a	sfrp1a	dzank1	obscna	six6b	pcdh19	yap1	ninl	gdf6a	wwtr1	lama1	cc2d2a	foxe3	rab8a	zic2a	hsf1	sox9b	ihha	vsx2	shha	hsp70.3	pitx3
brainstem	mir133b	tfap2a	ENTREZID:192346	adcyap1a	hoxb1a	etv5b	robo3	col4a5	smad3b	csrp1a	fgf1a	pitx3	cnr1	canx	tph2	rfng	nr4a2b	grid2	slc6a5	gpr151	phox2bb	ppp1r14aa	col4a6	lmx1bb	prune2	sgca	hey1	notch3	smad3a	valopa	rac3b	galr2b	cart4	vipr2	kiss1
dental_organ	nr0b1	ctnnb1	eve1	jupa	edar	eda
tooth_pulp	ctnnb1	shha	cdh2	jupa	atp2b1a	sp7
duct	mir126a	jag2b	jag1b	flt4	emx3	cxcl12a	vegfc	ahi1
vasculature	LOC101885606	flt4	mafba	cx43	foxo3b	gata1a	myb	tal1	metap2b	mmp2	cxcl12a	fli1b	ren	mmp9	sae1	eaf1	irf8	rnf213a	etv2	haus3	svep1	hey2	znf574	mir126a	spi1b	vegfc
renal_corpuscle	mir143-1	scarb2a	wt1a	shha	notch1a	col4a5	usp40	elmo1	cd2ap	mecom	col4a6	srgap2	tnksa	iqgap2	npnt	brca2	tnksb	wt1b	lama1
blood_vessel	LOC101885606	cx43	foxo3b	gata1a	myb	tal1	metap2b	mmp2	mmp9	sae1	eaf1	irf8	haus3	hey2	znf574	spi1b
pectoral_fin_fold	rpz	dlx5a	dlx6a	lama5	parp3	and2	and1
serous_membrane	fn1a	cyp1a	ahr2	cav1	apol1	nphs1
sensory_canal	atp1b3a	otx1	tmie	ndrg4	mif
spinal_nerve_root	mir137-1	mir137-2	ENTREZID:100885853	tnfa	traf2a	reck	adgra2
intestinal_mucosa	dld	notch1a	hnf4a	cav1	fgfr2	myd88	myo5b
central_zone_olfactory_bulb	ptprfa	ntn1b	ntn1a	nrp1a	nrp2b
ventral_zone_olfactory_bulb	ntn1b	ntn1a	cyp19a1a	anos1a	anos1b	cyp19a1b
cloaca	emx3	fgf8a	nphp4	yap1	wnt3
lymph_vessel	flt4	cxcl12a	vegfc	svep1	mir126a
intermediate_hypothalamus	fgf3	pomca	gsx1	cdh6	pcdh19	pcdh17
roof_plate	zic1	wnt1	tbx16	foxg1a	tbxta	mycbp2	zic4	foxj1a
gut	stmn2b	zeb2a	cdx1b	pax3b	lgr6	crabp2a	sec31a	rbp4	dld	emx3	fgf8a	fabp2	notch1a	hnf4a	slc2a2	med24	cav1	fgfr2	irf6	myd88	aldh8a1	crabp2b	nr1h3	st3gal7	lgr4	nphp4	yap1	zeb2b	myo5b	wnt3	ihha	aldh1a3	fgf10b	hnf1ba	ghsra	sec13	cdx4	ghrl	agr2	fgf10a
reticular_formation	mir133b	ENTREZID:192346	robo3	csrp1a	canx	valopa
pineal_complex	nectin1a	rxfp1	gnat2	sec61a1	ENTREZID:192346	tp63	pitx2	sema3d	noto	ctnnb1	opn1sw2	tcf7l2	fgf8a	elovl4b	nrp1a	sox2	elovl4a	ddc	nxph1	park7	prkn	mul1a	crmp1	tac1	prune2	unc119.2	nectin1b	cart1	med12	unc119a	bsx	ihha	tbx2b
anatomical_cluster	sost	cryaa	stmn2b	zeb2a	vps18	celsr3	mir143-1	hps5	fdx1	serpine1	kremen1	foxc1a	frem1a	lgr6	npr2	bbs9	tlr8	nppb	tlr7	tet2	tet3	npas4l	cdh1	igf1	aldh1a2	klf2a	sox10	cyp1a	irx7	ptk2ab	meis1b	crabp2a	hdac1	scarb2a	ptgs2a	mpp5a	p2rx4a	sec31a	acvrl1	tbx5a	rbp4	frzb	wnt8a	dld	isl1	neurog1	tbx16	mdka	ihhb	her4.2	tdgf1	cyp26a1	tbxta	jupa	nr2f1a	pax2a	dnmt1	atp1b3a	otx1	myb	irx3a	emx3	emx2	mef2ca	sox11b	myh7	bmp2b	gfap	rag1	prox1a	nkx2.7	etv4	fabp2	nr5a2	tal1	rock2a	nppa	irx3b	krit1	hmmr	hnf4a	slc2a2	shbg	trappc11	scinla	col4a5	med24	cav1	clint1a	cyp26b1	chsy1	calr	rac1a	agr2	sox4a	cdc42	prrx1b	etv5a	pikfyve	cyp11a1	nr5a1a	her11	crabp2b	nf2b	bnip3lb	foxc1b	fgf19	pax5	elnb	nr2e1	nr2e3	mlh1	shox2	cntn1a	bhlha15	ghsra	ghrl	hnf1ba	kera	oc90	vps39	aldh8a1	zeb2b	arl6	itga2b	gli1	frem2a	frem1b	fras1	frem3	frem2b	spns2	gdf6a	slc12a2	cdh5	leo1	tgfb3	add3a	lum	crb1	p4ha2	erbb2	uhrf1	paf1	lgr4	nphp4	ltbp3	trpv4	cemip2	ahi1	kirrel3l	mif	guca1c	snapc4	ponzr1	popdc2	sec13	pax8	mef2cb	zgc:86709	itga5	fgf5	tbx1	fgfr2	smarca4a	bhlhe22	bcl6aa	cyp11a2	sox9b	myo1ea	clrn1	kcnn1b	adgrg6	mecom	tmsb4x	crip2	ildr1b	epas1b	leg1.1	nr1h3	grk5	grk3	tmc1	tmc2a	kcnh6a	rnf207b	ihha	asic4b	asic4a	asic2	ehd1b	ehd3	pax6b	pllp	ptf1a	kank2	iqgap2	poc1b	yap1	dchs1b	slc26a2	tmem234	lnx2a	lnx2b	stm	col4a6	cdkn1bb	sox2	fdx1b	id4	fat1a	apol1	inaa	opn5	aqp8a.1	med10	wt1b	cd2ap	tnksa	tnksb	vegfc	myo5b	gnb5b	vdrb	vipr2	hand2	elmo1	usp40	kdm6ba	kdm6bb	dzip1l	brca2	zic2a	gsdf	tlr2	tlr3	tlr1	b3glcta	cyp21a2	cd36	hsf4	otol1a	srgap2	cc2d2a	rab8a	heg1	noctb	nocta	sp7	dusp6	myd88	fgf4	gper1	ddx39ab	cxcl12a	snai1b
semicircular_canal	hdac1	atp1b3a	ildr1b	slc26a2	adgrg6	vdrb	fgf4	mif
adaxial_cell	scube3	ccdc80	hapln1a	dyrk2	sox6	akap12b	lbx2	ENTREZID:192346	prdm1a
yolk	zbtb16a	ppp1r12a	kif5ba	buc
blastomere	wnt8a	ctnnb1	gpx4a	gpx4b	net1	myo1b	myo1cb
unfertilized_egg	npr2	buc	mapk1	mapk3	gper1
auditory_epithelial_support_cell	dlx3b	foxi1	chm	myo6b	ap1b1	atp1a1a.1
fertilized_egg	bmp2b	mapk1	mapk3	vrtn	pnrc2	cfdp1
neuron_neural_crest_derived	hdac1	kita	rnf2	ptf1a	erbb3a	chd7	gas7a	sox10
megakaryocyte_erythroid_progenitor_cell	atp5if1a	thpo	pknox1.2	meis1b	gata1a	sparc	gfi1b	gfi1aa
myoblast	isl1	en1a	nkx2.7	nkx2.5	ddx27	ddx39ab	meox1
chondroblast	ptk2ab	ENTREZID:192346	frzb	shha	scfd1	gli1	hmgcs1	kif5ba	ihha	gpc4	wnt5b	wls	wnt9a
odontoblast	ctnnb1	shha	cdh2	jupa	atp2b1a	sp7
exocrine_cell	jag2b	jag1b	nr5a2	ptf1a	lnx2a	epas1b	nom1	cftr	lnx2b	leg1.1
acid_secreting_cell	lepa	apoa1a	dnmt1	pdx1	aqp1a.1	esrra	lepb	myrip	lepr	sox9b	cdx4
motile_cell	lurap1	shha	dvl2	her12	foxj1a
ectodermal_cell	akt1	gpc4	wnt4a	cdh2	tdgf1	foxi1	bmp5
mesodermal_cell	apela	cxcr4a	tbx5a	clocka	tbx16	cyp26a1	fli1a	bmp2b	lef1	bmp5	nomo	smad3a
endodermal_cell	apela	cxcr4a	pak2a	cdh2	vegfaa	ephb4a	pdgfra	fhl1b	vegfc	cnr1	cnr2
hatching_gland_cell	tbx16	ndr2	pax3a	scinla	scinlb	slc2a10	pcdh18b	soat2	bhlha15	ndr1
extraembryonic_cell	klf2a	klf2b	ENTREZID:192346	ndr2	pou5f3	smad2	mxtx2	atp1a1a.1	klf17	nanog	ndr1
tendon_cell	prp	thbs4b	myod1	cyp26b1	selenon	mmp11a	mmp11b	mkxa
digestive_enzyme_secreting_cell	sept7b	lepa	igf1ra	shha	dnmt1	bhmt	fgfr2	lepb	lepr	cdk4
paracrine_cell	mir143-1	pth4	cav1	tgfb1a	tgfb3	tgfb1b
melanoblast	hdac1	trpm7	kita	pax3a	mtrex	oca2	gfpt1	foxd3	mitfa
cardiac_mesenchymal_cell	prkci	vegfaa	notch1a	hmmr	tgfb1a	tgfb3	prkcz	tgfb1b	tmsb4x	nrg1
acinar_cell	met	jag2b	jag1b	vdra	shha	dnmt1	nr5a2	rpl36	cftr	sox9b	ihha	bhlha15	ptf1a
muscle_precursor_cell	fn1a	pax7a	itga5	meox1	grk5	yap1	pax7b	wwtr1	grk3	snai1b
neuroepithelial_cell	mir183	itga8	sox3	pcdh15a	sox2	lrp5
neuromast_support_cell	kremen1	ENTREZID:192346	emx2	cxcl12a	cdkn1bb	sox2	snai1b	vipr2
olfactory_epithelial_support_cell	scn1bb	vdra	irf6	tas1r1	cetn4
lens_fiber_cell	cryaa	fn1a	cdh1	ptk2ab	cdh2	dnmt1	tp53	itga5	ddx39ab	uhrf1	hsf4	gdf6a
pericardial_cavity	cyp1a	ahr2	apol1	fgf4	nphs1
pore	mt	cftr	tpcn2	kcnk10a
anterior_chamber_eye	isl1	pitx2	myh7	nkx2.7	nkx2.5	prrx1b	ltbp3	pax6b
midbrain_hindbrain_boundary	gbx2	neurog1	brd2a	gsk3b	gli1	her11	rnf152	her5
telencephalon_diencephalon_boundary	foxg1a	lef1	sfrp1a	foxp2	fzd3a	spry1	slit2
zona_limitans_intrathalamica	irx1b	otx2a	otx2b	pax6a	fez1	shha	wnt3
forebrain_midbrain_boundary	lgr6	adcyap1a	wnt8a	shha	notch1a	cyp26b1	adcyap1b	gnrh2	gnrh3	tshz1	sfrp1a	ptpro	nr2e1	nr2e3	foxo3a	gli2b	lgr4	wnt3	gbx1	gbx2
groove	sfrp5	smo	shha	ihhb	lmo2	sox11a	sox4a	bcl6aa	sfrp1a	irx1a	pomk	yap1	anln	gdf6a	wwtr1	scgn	zic2a	ihha
forebrain_midbrain_boundary_neural_plate	lgr6	gbx1	wnt8a	fzd7b	lgr4
forebrain_midbrain_boundary_neural_tube	lgr6	gbx1	wnt8a	pax2a	tshz1	lgr4
midbrain_hindbrain_boundary_neural_plate	lgr6	irx7	gbx1	wnt8a	fzd7b	gsk3b	ebf2	gli1	her11	lgr4	neurog1	her5
midbrain_hindbrain_boundary_neural_tube	mir9-7	lgr6	plxnb2b	gbx1	wnt8a	pax2a	brd2a	sox21a	gsk3b	pbx4	gli1	tshz1	lgr4	plxnb2a	pbx2
intervening_zone	neurog1	gsk3b	gli1	her11	her5
optic_fissure	sfrp5	shha	ihhb	sox11a	sox4a	bcl6aa	sfrp1a	yap1	gdf6a	wwtr1	zic2a	ihha
somite_border	her1	emx3	dlx4b	dlx3b	rap1b	cxcl12a	her15.2	itga5	her12	itgb1a	aplnra	lbx2	her7
